date,x,country,estimate_type,value,boundary_low,boundary_high
2021-01-01,0,Germany,Cori_slidingWindow,1.0871890454990003,0,3.7181465723532
2021-01-02,0.03296703296703297,Germany,Cori_slidingWindow,1.033377415259793,0,3.2354406500074804
2021-01-03,0.06593406593406594,Germany,Cori_slidingWindow,1.002488267316845,0,2.7284791022845205
2021-01-04,0.09890109890109891,Germany,Cori_slidingWindow,0.9855715090650884,0,2.3419139509072493
2021-01-05,0.13186813186813187,Germany,Cori_slidingWindow,0.9646904499333052,0,2.2045389231053796
2021-01-06,0.16483516483516483,Germany,Cori_slidingWindow,0.927513327867188,0,2.689970125708729
2021-01-07,0.19780219780219782,Germany,Cori_slidingWindow,0.8760692496945692,0,2.9056231148371467
2021-01-08,0.23076923076923078,Germany,Cori_slidingWindow,0.8221184070801308,0,2.568082404019827
2021-01-09,0.26373626373626374,Germany,Cori_slidingWindow,0.7788263549109623,0,2.3478953112482057
2021-01-10,0.2967032967032967,Germany,Cori_slidingWindow,0.7561732781616641,0,2.1908986481234862
2021-01-11,0.32967032967032966,Germany,Cori_slidingWindow,0.7584788268156659,0,1.9813635886672691
2021-01-12,0.3626373626373626,Germany,Cori_slidingWindow,0.7836360695057611,0,1.8954875605794423
2021-01-13,0.39560439560439564,Germany,Cori_slidingWindow,0.8222830442100673,0,1.9357847461913291
2021-01-14,0.4285714285714286,Germany,Cori_slidingWindow,0.861406834398151,0,1.919016513416131
2021-01-15,0.46153846153846156,Germany,Cori_slidingWindow,0.8890817985634879,0,1.9750593936282537
2021-01-16,0.4945054945054945,Germany,Cori_slidingWindow,0.9010880403272322,0,2.117316405025582
2021-01-17,0.5274725274725275,Germany,Cori_slidingWindow,0.9015333585915084,0,2.1397438129784847
2021-01-18,0.5604395604395604,Germany,Cori_slidingWindow,0.8970500553947669,0,1.9893820460766736
2021-01-19,0.5934065934065934,Germany,Cori_slidingWindow,0.8912231900625811,0,1.9143084431247857
2021-01-20,0.6263736263736264,Germany,Cori_slidingWindow,0.8835529760994819,0,3.1872895471481315
2021-01-21,0.6593406593406593,Germany,Cori_slidingWindow,0.8739856699010993,0,5.434370272600541
2021-01-22,0.6923076923076923,Germany,Cori_slidingWindow,0.8640765164343529,0,5.37424989488985
2021-01-23,0.7252747252747253,Germany,Cori_slidingWindow,0.8573841164326711,0,3.567699887740787
2021-01-24,0.7582417582417582,Germany,Cori_slidingWindow,0.8576986048929344,0,2.4952771780508605
2021-01-25,0.7912087912087913,Germany,Cori_slidingWindow,0.8658159279748084,0,2.037628267321779
2021-01-26,0.8241758241758242,Germany,Cori_slidingWindow,0.8779829760683934,0,2.40793047119153
2021-01-27,0.8571428571428572,Germany,Cori_slidingWindow,0.8857757062368513,0,3.198856812753086
2021-01-28,0.8901098901098902,Germany,Cori_slidingWindow,0.8816611806248756,0,3.8908603547091967
2021-01-29,0.9230769230769231,Germany,Cori_slidingWindow,0.8638953848960469,0,3.448065147010374
2021-01-30,0.9560439560439561,Germany,Cori_slidingWindow,0.8389734000462022,0,2.5028916229050195
2021-01-31,0.989010989010989,Germany,Cori_slidingWindow,0.8178852613404438,0,1.9769795762948896
2021-02-01,1.021978021978022,Germany,Cori_slidingWindow,0.8085394948020608,0,1.705736428798739
2021-02-02,1.054945054945055,Germany,Cori_slidingWindow,0.8125080556916296,0,1.748765355389286
2021-02-03,1.087912087912088,Germany,Cori_slidingWindow,0.8266436911629436,0,2.307006488937107
2021-02-04,1.120879120879121,Germany,Cori_slidingWindow,0.8475289626437328,0,2.8055759511157543
2021-02-05,1.153846153846154,Germany,Cori_slidingWindow,0.8720793979747283,0,2.6485181956805306
2021-02-06,1.1868131868131868,Germany,Cori_slidingWindow,0.8989064244355442,0,2.1807581062412957
2021-02-07,1.2197802197802199,Germany,Cori_slidingWindow,0.9298865402399834,0,1.86185028106584
2021-02-08,1.2527472527472527,Germany,Cori_slidingWindow,0.9681379422885572,0,1.9647118799696903
2021-02-09,1.2857142857142858,Germany,Cori_slidingWindow,1.0140199077036238,0,2.316269717964941
2021-02-10,1.3186813186813187,Germany,Cori_slidingWindow,1.060204312914376,0,2.6074885592069883
2021-02-11,1.3516483516483517,Germany,Cori_slidingWindow,1.0958732796774495,0,3.0260669196146894
2021-02-12,1.3846153846153846,Germany,Cori_slidingWindow,1.1119506791991345,0,2.9777941952229106
2021-02-13,1.4175824175824177,Germany,Cori_slidingWindow,1.1089137559024416,0,2.8653237511946257
2021-02-14,1.4505494505494505,Germany,Cori_slidingWindow,1.0963504350025066,0,2.690698946714864
2021-02-15,1.4835164835164836,Germany,Cori_slidingWindow,1.084842852248218,0,2.516787677821983
2021-02-16,1.5164835164835164,Germany,Cori_slidingWindow,1.0786583227040183,0,2.608307001130846
2021-02-17,1.5494505494505495,Germany,Cori_slidingWindow,1.0735515292007494,0,2.632660709679792
2021-02-18,1.5824175824175826,Germany,Cori_slidingWindow,1.0635917988325052,0,2.7322360325612225
2021-02-19,1.6153846153846154,Germany,Cori_slidingWindow,1.047102244636843,0,2.523969610322602
2021-02-20,1.6483516483516485,Germany,Cori_slidingWindow,1.028728180562228,0,2.1264213293584695
2021-02-21,1.6813186813186813,Germany,Cori_slidingWindow,1.0162560227495123,0.13616192021078966,1.896350125288235
2021-02-22,1.7142857142857144,Germany,Cori_slidingWindow,1.013546679194764,0.18088066995647975,1.8462126884330483
2021-02-23,1.7472527472527473,Germany,Cori_slidingWindow,1.0180619321400266,0,2.3614366784322303
2021-02-24,1.7802197802197803,Germany,Cori_slidingWindow,1.0242642431584372,0,3.0485221478201474
2021-02-25,1.8131868131868132,Germany,Cori_slidingWindow,1.0283333955336185,0,2.7532934324843676
2021-02-26,1.8461538461538463,Germany,Cori_slidingWindow,1.0316591976627056,0,2.4591421006299248
2021-02-27,1.879120879120879,Germany,Cori_slidingWindow,1.0387759565467591,0,2.478635079038315
2021-02-28,1.9120879120879122,Germany,Cori_slidingWindow,1.0561313831014587,0,2.4353745513464595
2021-03-01,1.945054945054945,Germany,Cori_slidingWindow,1.0871440718448957,0,2.1880211269845775
2021-03-02,1.978021978021978,Germany,Cori_slidingWindow,1.1290163134290838,0.19437588388343507,2.0636567429747323
2021-03-03,2.010989010989011,Germany,Cori_slidingWindow,1.1715824840635427,0,2.684145693936247
2021-03-04,2.043956043956044,Germany,Cori_slidingWindow,1.2022481727049967,0,3.185929877386259
2021-03-05,2.076923076923077,Germany,Cori_slidingWindow,1.2156168196389394,0,2.9329729456176885
2021-03-06,2.10989010989011,Germany,Cori_slidingWindow,1.2160594869025292,0,2.6123275891033906
2021-03-07,2.142857142857143,Germany,Cori_slidingWindow,1.214509107669572,0,2.433976797878083
2021-03-08,2.175824175824176,Germany,Cori_slidingWindow,1.2173086963959994,0.1373134206600113,2.2973039721319877
2021-03-09,2.208791208791209,Germany,Cori_slidingWindow,1.2218292655513583,0.18519435341384893,2.258464177688868
2021-03-10,2.241758241758242,Germany,Cori_slidingWindow,1.2199112143115427,0.10051317822326666,2.3393092503998187
2021-03-11,2.2747252747252746,Germany,Cori_slidingWindow,1.2053996391957051,0,2.43399860826331
2021-03-12,2.307692307692308,Germany,Cori_slidingWindow,1.1813747995823625,0,2.6126155865361005
2021-03-13,2.340659340659341,Germany,Cori_slidingWindow,1.1571712814991697,0,2.8225811300844867
2021-03-14,2.3736263736263736,Germany,Cori_slidingWindow,1.144026022216801,0,2.833372244666167
2021-03-15,2.4065934065934065,Germany,Cori_slidingWindow,1.1469509119398424,0,2.582239000691212
2021-03-16,2.4395604395604398,Germany,Cori_slidingWindow,1.1620992937392094,0.0025577225301705,2.3216408649482485
2021-03-17,2.4725274725274726,Germany,Cori_slidingWindow,1.1766129722771417,0.1129399541551539,2.2402859903991295
2021-03-18,2.5054945054945055,Germany,Cori_slidingWindow,1.1754685744298885,0.13797760298312056,2.212959545876656
2021-03-19,2.5384615384615383,Germany,Cori_slidingWindow,1.1527551425204716,0.02960324487107901,2.275907040169864
2021-03-20,2.5714285714285716,Germany,Cori_slidingWindow,1.1141168045219936,0,2.414068358847864
2021-03-21,2.6043956043956045,Germany,Cori_slidingWindow,1.071236115818651,0,2.49281989152503
2021-03-22,2.6373626373626373,Germany,Cori_slidingWindow,1.0300273099319068,0,2.435086517988524
2021-03-23,2.6703296703296706,Germany,Cori_slidingWindow,0.9881442967625428,0,2.309554505268644
2021-03-24,2.7032967032967035,Germany,Cori_slidingWindow,0.9440685712526644,0,2.1423287157877335
2021-03-25,2.7362637362637363,Germany,Cori_slidingWindow,0.9012767808032692,0,1.9961151517608096
2021-03-26,2.769230769230769,Germany,Cori_slidingWindow,0.8674520334378076,0,1.9689474847980168
2021-03-27,2.8021978021978025,Germany,Cori_slidingWindow,0.8496292954891735,0,2.0946199963273777
2021-03-28,2.8351648351648353,Germany,Cori_slidingWindow,0.8561415556572411,0,2.255268462891342
2021-03-29,2.868131868131868,Germany,Cori_slidingWindow,0.8954891273579377,0,2.2647373397553627
2021-03-30,2.901098901098901,Germany,Cori_slidingWindow,0.970466257804445,0,2.3788130285449767
2021-03-31,2.9340659340659343,Germany,Cori_slidingWindow,1.0671300588630783,0,3.156857967807724
2021-04-01,2.967032967032967,Germany,Cori_slidingWindow,1.157525252007188,0,3.5886265391125987
2021-04-02,3,Germany,Cori_slidingWindow,1.2183324152080826,0,3.2206854087539103
2021-04-03,3.032967032967033,Germany,Cori_slidingWindow,1.2467187738746983,0,2.8916521667947843
2021-04-04,3.065934065934066,Germany,Cori_slidingWindow,1.256942648846792,0,2.791974323227856
2021-04-05,3.098901098901099,Germany,Cori_slidingWindow,1.2586939201383969,0,2.94594669859573
2021-04-06,3.131868131868132,Germany,Cori_slidingWindow,1.2484808697307708,0,3.0270641109177023
2021-04-07,3.164835164835165,Germany,Cori_slidingWindow,1.218415723191853,0,2.8743277639786027
2021-04-08,3.197802197802198,Germany,Cori_slidingWindow,1.166769819315556,0,2.6212043641361458
2021-04-09,3.230769230769231,Germany,Cori_slidingWindow,1.1027111392796587,0,2.4752872081072224
2021-04-10,3.2637362637362637,Germany,Cori_slidingWindow,1.0393297378614044,0,2.5883839825006696
2021-04-11,3.296703296703297,Germany,Cori_slidingWindow,0.9881632820361164,0,2.6572586136776373
2021-04-12,3.32967032967033,Germany,Cori_slidingWindow,0.955590910615258,0,2.5963061658203537
2021-04-13,3.3626373626373627,Germany,Cori_slidingWindow,0.94267235986155,0,2.360140021514634
2021-04-14,3.3956043956043955,Germany,Cori_slidingWindow,0.94465148229669,0,2.2188615105201968
2021-04-15,3.428571428571429,Germany,Cori_slidingWindow,0.9525970092248252,0,2.2528284349837113
2021-04-16,3.4615384615384617,Germany,Cori_slidingWindow,0.9585810509663688,0,2.2892731874840098
2021-04-17,3.4945054945054945,Germany,Cori_slidingWindow,0.958640775308552,0,2.2390535148465114
2021-04-18,3.5274725274725274,Germany,Cori_slidingWindow,0.9541209020737365,0,2.095882798400022
2021-04-19,3.5604395604395607,Germany,Cori_slidingWindow,0.9472383282969292,0,1.9176584460195552
2021-04-20,3.5934065934065935,Germany,Cori_slidingWindow,0.9366506189567234,0,2.3381311772949456
2021-04-21,3.6263736263736264,Germany,Cori_slidingWindow,0.918733312565602,0,3.642000535204876
2021-04-22,3.659340659340659,Germany,Cori_slidingWindow,0.8918861522013165,0,3.454407372606323
2021-04-23,3.6923076923076925,Germany,Cori_slidingWindow,0.860844488017884,0,2.5440665686400425
2021-04-24,3.7252747252747254,Germany,Cori_slidingWindow,0.8344716751449845,0,2.218357636506264
2021-04-25,3.758241758241758,Germany,Cori_slidingWindow,0.8206336967878506,0,2.2981851166567333
2021-04-26,3.7912087912087915,Germany,Cori_slidingWindow,0.8227659470134027,0,2.229385625871008
2021-04-27,3.8241758241758244,Germany,Cori_slidingWindow,0.8366502737742721,0,1.9815707347091065
2021-04-28,3.857142857142857,Germany,Cori_slidingWindow,0.8526978735378944,0,1.7866177375069912
2021-04-29,3.89010989010989,Germany,Cori_slidingWindow,0.8601518665026364,0,2.7451159973757484
2021-04-30,3.9230769230769234,Germany,Cori_slidingWindow,0.853119109050476,0,4.621184201118627
2021-05-01,3.956043956043956,Germany,Cori_slidingWindow,0.8328364057216004,0,3.4025027686949425
2021-05-02,3.989010989010989,Germany,Cori_slidingWindow,0.8069165438202919,0,2.193176423722524
2021-05-03,4.021978021978022,Germany,Cori_slidingWindow,0.7854597571947801,0,1.9531115961425176
2021-05-04,4.054945054945055,Germany,Cori_slidingWindow,0.7736294051294241,0,2.77621871304665
2021-05-05,4.087912087912088,Germany,Cori_slidingWindow,0.7700724571612114,0,3.3558639670486397
2021-05-06,4.120879120879121,Germany,Cori_slidingWindow,0.7687646342269338,0,3.618536404676562
2021-05-07,4.153846153846154,Germany,Cori_slidingWindow,0.7661239402296666,0,2.872128727420101
2021-05-08,4.186813186813187,Germany,Cori_slidingWindow,0.76341334064152655,0,1.9860156167631664
2021-05-09,4.21978021978022,Germany,Cori_slidingWindow,0.7643860155692512,0,1.656745287380129
2021-05-10,4.252747252747253,Germany,Cori_slidingWindow,0.7702749107476823,0,1.5816828672764318
2021-05-11,4.285714285714286,Germany,Cori_slidingWindow,0.775344471508108,0,1.7401192843768367
2021-05-12,4.318681318681318,Germany,Cori_slidingWindow,0.7711697935059096,0,2.616999561299287
2021-05-13,4.351648351648352,Germany,Cori_slidingWindow,0.7535744058088769,0,4.398716259381818
2021-05-14,4.384615384615385,Germany,Cori_slidingWindow,0.7264430306426753,0,5.81222891662518
2021-05-15,4.417582417582418,Germany,Cori_slidingWindow,0.699435151240056,0,4.634563500143917
2021-05-16,4.450549450549451,Germany,Cori_slidingWindow,0.6810952577082079,0,2.8902522150168393
2021-05-17,4.483516483516484,Germany,Cori_slidingWindow,0.6755624889924668,0,1.9563952917557184
2021-05-18,4.516483516483516,Germany,Cori_slidingWindow,0.681784809876882,0,2.2289993086157995
2021-05-19,4.549450549450549,Germany,Cori_slidingWindow,0.6949091856158444,0,2.544795798769083
2021-05-20,4.582417582417582,Germany,Cori_slidingWindow,0.7101884656410147,0,3.2503909071611563
2021-05-21,4.615384615384616,Germany,Cori_slidingWindow,0.7240078469765789,0,3.0521708351601755
2021-05-22,4.648351648351649,Germany,Cori_slidingWindow,0.735700314796139,0,2.337784880036039
2021-05-23,4.681318681318682,Germany,Cori_slidingWindow,0.7467739429019021,0,2.633281249907462
2021-05-24,4.714285714285714,Germany,Cori_slidingWindow,0.7615608782038229,0,3.306480997111777
2021-05-25,4.747252747252747,Germany,Cori_slidingWindow,0.7853606924108492,0,3.563305982329146
2021-05-26,4.78021978021978,Germany,Cori_slidingWindow,0.8142877227224808,0,3.879180837829312
2021-05-27,4.813186813186813,Germany,Cori_slidingWindow,0.8338490213327265,0,3.315380952055975
2021-05-28,4.846153846153847,Germany,Cori_slidingWindow,0.8257913066102307,0,2.498638256695253
2021-05-29,4.8791208791208796,Germany,Cori_slidingWindow,0.7867733413412209,0,2.310047151070235
2021-05-30,4.912087912087912,Germany,Cori_slidingWindow,0.7324339655187073,0,2.291783799755811
2021-05-31,4.945054945054945,Germany,Cori_slidingWindow,0.6864675103594817,0,2.069931529391104
2021-06-01,4.978021978021978,Germany,Cori_slidingWindow,0.6638534483671745,0,1.7548579628745615
2021-06-02,5.010989010989011,Germany,Cori_slidingWindow,0.6636082615224491,0,2.353071192088596
2021-06-03,5.043956043956044,Germany,Cori_slidingWindow,0.6740104445148375,0,3.6214134258815474
2021-06-04,5.076923076923077,Germany,Cori_slidingWindow,0.6834658575278727,0,3.757191210050792
2021-06-05,5.10989010989011,Germany,Cori_slidingWindow,0.6857871578753676,0,3.1116806700972184
2021-06-06,5.142857142857143,Germany,Cori_slidingWindow,0.6781181607329125,0,2.196142781446444
2021-06-07,5.175824175824176,Germany,Cori_slidingWindow,0.6586801593678787,0,1.7848521868891152
2021-06-08,5.208791208791209,Germany,Cori_slidingWindow,0.628883954145844,0,1.5941317633845733
2021-06-09,5.241758241758242,Germany,Cori_slidingWindow,0.5954630856501326,0,1.6017770246524323
2021-06-10,5.274725274725275,Germany,Cori_slidingWindow,0.5685556547974888,0,2.1878347505517333
2021-06-11,5.3076923076923075,Germany,Cori_slidingWindow,0.5552414601835081,0,2.62084987883376
2021-06-12,5.340659340659341,Germany,Cori_slidingWindow,0.5606271357689592,0,2.1103580128859116
2021-06-13,5.373626373626374,Germany,Cori_slidingWindow,0.5887446550918279,0,1.6237286370967152
2021-06-14,5.406593406593407,Germany,Cori_slidingWindow,0.6442055806389415,0,1.8797811745933128
2021-06-15,5.43956043956044,Germany,Cori_slidingWindow,0.7298813684166963,0,3.664092931654781
2021-06-16,5.472527472527473,Germany,Cori_slidingWindow,0.8364850371148785,0,4.8644187525484766
2021-06-17,5.5054945054945055,Germany,Cori_slidingWindow,0.9379853277970406,0,5.717382669072766
2021-06-18,5.538461538461538,Germany,Cori_slidingWindow,1.001328333354553,0,6.097976138136754
2021-06-19,5.571428571428571,Germany,Cori_slidingWindow,1.0098004144182455,0,6.97069879399578
2021-06-20,5.604395604395605,Germany,Cori_slidingWindow,0.9776761022089396,0,7.989489271334613
2021-06-21,5.637362637362638,Germany,Cori_slidingWindow,0.9364957392290798,0,7.729109397075523
2021-06-22,5.670329670329671,Germany,Cori_slidingWindow,0.9135858646899452,0,4.96655644038314
2021-06-23,5.7032967032967035,Germany,Cori_slidingWindow,0.919759980989178,0,3.443718028114057
2021-06-24,5.736263736263736,Germany,Cori_slidingWindow,0.9527528622716196,0,4.322224025268501
2021-06-25,5.769230769230769,Germany,Cori_slidingWindow,1.0037935345401767,0,7.1262252349492545
2021-06-26,5.802197802197802,Germany,Cori_slidingWindow,1.0644662998456746,0,5.5882834756914495
2021-06-27,5.835164835164836,Germany,Cori_slidingWindow,1.129231353479079,0,3.8318144619943286
2021-06-28,5.868131868131869,Germany,Cori_slidingWindow,1.1920620354847915,0,2.9804478388863345
2021-06-29,5.9010989010989015,Germany,Cori_slidingWindow,1.245832664354971,0,2.712956896276722
2021-06-30,5.934065934065934,Germany,Cori_slidingWindow,1.282819689393271,0,2.92264890928805
2021-07-01,5.967032967032967,Germany,Cori_slidingWindow,1.3022381147702076,0,3.1428848270576157
2021-07-02,6,Germany,Cori_slidingWindow,1.3128985001765383,0,3.3202435648186643
2021-07-03,6.032967032967033,Germany,Cori_slidingWindow,1.327052785156049,0,3.4405143405672804
2021-07-04,6.065934065934066,Germany,Cori_slidingWindow,1.3531211881551273,0,3.1837748952793845
2021-07-05,6.098901098901099,Germany,Cori_slidingWindow,1.389215624637382,0.06495851566324506,2.7134727336115194
2021-07-06,6.131868131868132,Germany,Cori_slidingWindow,1.42282028470129,0.32360587505954563,2.5220346943430343
2021-07-07,6.164835164835165,Germany,Cori_slidingWindow,1.4340407264182382,0,2.8998500217841867
2021-07-08,6.197802197802198,Germany,Cori_slidingWindow,1.410751814249671,0,3.2633656974448817
2021-07-09,6.230769230769231,Germany,Cori_slidingWindow,1.3589664221189912,0,3.0584632546915604
2021-07-10,6.263736263736264,Germany,Cori_slidingWindow,1.3005381137141858,0,2.8876367331519823
2021-07-11,6.2967032967032965,Germany,Cori_slidingWindow,1.2558884453359327,0,2.648036361517729
2021-07-12,6.32967032967033,Germany,Cori_slidingWindow,1.2310919483727507,0.1678544502761219,2.2943294464693795
2021-07-13,6.362637362637363,Germany,Cori_slidingWindow,1.219277150556907,0.3628906955194011,2.0756636055944133
2021-07-14,6.395604395604396,Germany,Cori_slidingWindow,1.2091244252557751,0.04869394072181476,2.3695549097897355
2021-07-15,6.428571428571429,Germany,Cori_slidingWindow,1.1956535883223551,0,2.68114978160674
2021-07-16,6.461538461538462,Germany,Cori_slidingWindow,1.182081652795838,0,2.7349284739879565
2021-07-17,6.4945054945054945,Germany,Cori_slidingWindow,1.174232178607015,0,2.808850784208261
2021-07-18,6.527472527472527,Germany,Cori_slidingWindow,1.1751072717522162,0,2.692922197067391
2021-07-19,6.56043956043956,Germany,Cori_slidingWindow,1.1817140254340217,0.0273489100431068,2.3360791408249364
2021-07-20,6.593406593406594,Germany,Cori_slidingWindow,1.1890900621568907,0.17340234617323236,2.2047777781405493
2021-07-21,6.626373626373627,Germany,Cori_slidingWindow,1.191607951752401,0,2.713633596181249
2021-07-22,6.65934065934066,Germany,Cori_slidingWindow,1.1865586273311104,0,2.7949837563652227
2021-07-23,6.6923076923076925,Germany,Cori_slidingWindow,1.1752231293812607,0,2.582789996637367
2021-07-24,6.725274725274725,Germany,Cori_slidingWindow,1.1639694118802244,0,2.526639896735295
2021-07-25,6.758241758241758,Germany,Cori_slidingWindow,1.161001881722885,0,2.4677281664704775
2021-07-26,6.791208791208791,Germany,Cori_slidingWindow,1.1691207647589803,0,2.361181072907299
2021-07-27,6.824175824175824,Germany,Cori_slidingWindow,1.185223815139688,0.04781792662550632,2.32262970365387
2021-07-28,6.857142857142858,Germany,Cori_slidingWindow,1.2018409953270068,0,2.6445950893409407
2021-07-29,6.8901098901098905,Germany,Cori_slidingWindow,1.2154743991458865,0,3.227573247596935
2021-07-30,6.923076923076923,Germany,Cori_slidingWindow,1.2296888816169185,0,3.3659482483144174
2021-07-31,6.956043956043956,Germany,Cori_slidingWindow,1.25259632486847,0,3.0803039761102013
2021-08-01,6.989010989010989,Germany,Cori_slidingWindow,1.2903195955335685,0,2.690475693669299
2021-08-02,7.021978021978022,Germany,Cori_slidingWindow,1.3390185082071837,0.33077662153462795,2.3472603948797395
2021-08-03,7.054945054945055,Germany,Cori_slidingWindow,1.385457834136173,0.45513081812944056,2.3157848501429052
2021-08-04,7.0879120879120885,Germany,Cori_slidingWindow,1.4117545856183222,0.18343511470496288,2.640074056531682
2021-08-05,7.120879120879121,Germany,Cori_slidingWindow,1.4094495984935955,0,2.8283890414188853
2021-08-06,7.153846153846154,Germany,Cori_slidingWindow,1.386432650723365,0,2.805455418329718
2021-08-07,7.186813186813187,Germany,Cori_slidingWindow,1.361716276386139,0,2.7457916137305
2021-08-08,7.21978021978022,Germany,Cori_slidingWindow,1.351446422157454,0.04824682218713261,2.6546460221277757
2021-08-09,7.252747252747253,Germany,Cori_slidingWindow,1.357814929822897,0.19264335138963995,2.522986508256154
2021-08-10,7.285714285714286,Germany,Cori_slidingWindow,1.3703177334114185,0.07461296430601116,2.666022502516826
2021-08-11,7.318681318681318,Germany,Cori_slidingWindow,1.3722866459581915,0,2.8674781712854465
2021-08-12,7.351648351648352,Germany,Cori_slidingWindow,1.3533571355975436,0,2.8011925921816525
2021-08-13,7.384615384615385,Germany,Cori_slidingWindow,1.3176063117911792,0,2.8145261292522323
2021-08-14,7.417582417582418,Germany,Cori_slidingWindow,1.2784016661549418,0,3.0022290281091815
2021-08-15,7.450549450549451,Germany,Cori_slidingWindow,1.2476190633099074,0,3.014531686909417
2021-08-16,7.483516483516484,Germany,Cori_slidingWindow,1.2268615160041598,0,2.6565209075414473
2021-08-17,7.516483516483516,Germany,Cori_slidingWindow,1.20927566374468,0.16080168757432678,2.2577496399150334
2021-08-18,7.549450549450549,Germany,Cori_slidingWindow,1.187241292273177,0.16736067712515543,2.2071219074211985
2021-08-19,7.582417582417583,Germany,Cori_slidingWindow,1.158447630847782,0,2.376036982114079
2021-08-20,7.615384615384616,Germany,Cori_slidingWindow,1.1283543056438283,0,2.4695873303239892
2021-08-21,7.648351648351649,Germany,Cori_slidingWindow,1.1043066206879195,0,2.3870870535807285
2021-08-22,7.681318681318682,Germany,Cori_slidingWindow,1.0902688492580015,0,2.182100599553788
2021-08-23,7.714285714285714,Germany,Cori_slidingWindow,1.0849522264189024,0.23216432127520312,1.9377401315626015
2021-08-24,7.747252747252747,Germany,Cori_slidingWindow,1.0833855403966834,0.3424086328898154,1.8243624479035512
2021-08-25,7.78021978021978,Germany,Cori_slidingWindow,1.0794579334058445,0.06737324372775388,2.0915426230839347
2021-08-26,7.813186813186813,Germany,Cori_slidingWindow,1.068116353987534,0,2.46310728107524
2021-08-27,7.846153846153847,Germany,Cori_slidingWindow,1.0502203898968796,0,2.4893025737019947
2021-08-28,7.8791208791208796,Germany,Cori_slidingWindow,1.03125633024399,0,2.3713627166157485
2021-08-29,7.912087912087912,Germany,Cori_slidingWindow,1.0177059829271218,0,2.303548366842545
2021-08-30,7.945054945054945,Germany,Cori_slidingWindow,1.0109989099500365,0,2.1926506352355704
2021-08-31,7.978021978021978,Germany,Cori_slidingWindow,1.0063744923539408,0,2.069590346371635
2021-09-01,8.010989010989011,Germany,Cori_slidingWindow,0.9963379347544694,0,2.3277458310294445
2021-09-02,8.043956043956044,Germany,Cori_slidingWindow,0.9757429544984174,0,2.647835433237692
2021-09-03,8.076923076923077,Germany,Cori_slidingWindow,0.9473547771435809,0,2.490174012447523
2021-09-04,8.10989010989011,Germany,Cori_slidingWindow,0.9188784877824588,0,2.3341401125479924
2021-09-05,8.142857142857142,Germany,Cori_slidingWindow,0.8984465287471898,0,2.3253875100083965
2021-09-06,8.175824175824175,Germany,Cori_slidingWindow,0.8890430128295567,0,2.258525778269324
2021-09-07,8.20879120879121,Germany,Cori_slidingWindow,0.8868464755283809,0,2.205970757936991
2021-09-08,8.241758241758243,Germany,Cori_slidingWindow,0.884457168418508,0,2.3735913767772505
2021-09-09,8.274725274725276,Germany,Cori_slidingWindow,0.8755636760692651,0,2.381017926396046
2021-09-10,8.307692307692308,Germany,Cori_slidingWindow,0.8607682983109779,0,2.1028323581338917
2021-09-11,8.340659340659341,Germany,Cori_slidingWindow,0.8470651136881369,0,1.9955250337154504
2021-09-12,8.373626373626374,Germany,Cori_slidingWindow,0.842543958945067,0,2.0459365933617395
2021-09-13,8.406593406593407,Germany,Cori_slidingWindow,0.8526360140984922,0,2.0713918445451727
2021-09-14,8.43956043956044,Germany,Cori_slidingWindow,0.8773370016031908,0,2.059983216621927
2021-09-15,8.472527472527473,Germany,Cori_slidingWindow,0.9125458217639226,0,2.415079024971841
2021-09-16,8.505494505494505,Germany,Cori_slidingWindow,0.9498568184622675,0,2.9438164523349974
2021-09-17,8.538461538461538,Germany,Cori_slidingWindow,0.9807072998801126,0,3.1668345400577698
2021-09-18,8.571428571428571,Germany,Cori_slidingWindow,1.0030187529106898,0,2.759900578973823
2021-09-19,8.604395604395604,Germany,Cori_slidingWindow,1.0208369887444184,0,2.246621787759479
2021-09-20,8.637362637362637,Germany,Cori_slidingWindow,1.039354146164158,0,2.2002207553515287
2021-09-21,8.67032967032967,Germany,Cori_slidingWindow,1.0567945473036755,0,2.650599411100652
2021-09-22,8.703296703296704,Germany,Cori_slidingWindow,1.0663890898350732,0,3.4025041680295325
2021-09-23,8.736263736263737,Germany,Cori_slidingWindow,1.0620273801503806,0,4.206781239135882
2021-09-24,8.76923076923077,Germany,Cori_slidingWindow,1.0458582248510155,0,3.9214191469133666
2021-09-25,8.802197802197803,Germany,Cori_slidingWindow,1.0280786200559358,0,3.142829372837396
2021-09-26,8.835164835164836,Germany,Cori_slidingWindow,1.017720678502712,0,2.519942068874257
2021-09-27,8.868131868131869,Germany,Cori_slidingWindow,1.016567317451328,0,2.1963639488297946
2021-09-28,8.901098901098901,Germany,Cori_slidingWindow,1.0193050293342625,0,2.208784409741372
2021-09-29,8.934065934065934,Germany,Cori_slidingWindow,1.0198879896641508,0,2.436759036121679
2021-09-30,8.967032967032967,Germany,Cori_slidingWindow,1.015544183943335,0,2.6868504829688034
2021-10-01,9,Germany,Cori_slidingWindow,1.009435688858301,0,2.7507565652618498
2021-10-02,9.032967032967033,Germany,Cori_slidingWindow,1.0096086543514255,0,2.5796732134026383
2021-10-03,9.065934065934066,Germany,Cori_slidingWindow,1.022130788669248,0,2.2541300847336236
2021-10-04,9.098901098901099,Germany,Cori_slidingWindow,1.0489938350382475,0.0209165575708965,2.0770711125055987
2021-10-05,9.131868131868131,Germany,Cori_slidingWindow,1.0859570263623295,0,2.285944060763369
2021-10-06,9.164835164835164,Germany,Cori_slidingWindow,1.1247639666153717,0,2.560549929526986
2021-10-07,9.197802197802199,Germany,Cori_slidingWindow,1.1577948444253177,0,2.7971086057542447
2021-10-08,9.230769230769232,Germany,Cori_slidingWindow,1.1820797007776638,0,2.991309998006942
2021-10-09,9.263736263736265,Germany,Cori_slidingWindow,1.2035710062371696,0,2.897697462487332
2021-10-10,9.296703296703297,Germany,Cori_slidingWindow,1.230470382643715,0,2.5475889363809303
2021-10-11,9.32967032967033,Germany,Cori_slidingWindow,1.2660606092364686,0.3138846248407259,2.218236593632211
2021-10-12,9.362637362637363,Germany,Cori_slidingWindow,1.3048564455500016,0.4415834890727398,2.1681294020272635
2021-10-13,9.395604395604396,Germany,Cori_slidingWindow,1.3347085277601851,0.17078087531036878,2.4986361802100014
2021-10-14,9.428571428571429,Germany,Cori_slidingWindow,1.3485520119516026,0,2.7148236467438185
2021-10-15,9.461538461538462,Germany,Cori_slidingWindow,1.346643740753004,0,2.741776566846764
2021-10-16,9.494505494505495,Germany,Cori_slidingWindow,1.3366058548215596,0,2.7593365804258188
2021-10-17,9.527472527472527,Germany,Cori_slidingWindow,1.324134740317748,0.03166537842534067,2.6166041022101556
2021-10-18,9.56043956043956,Germany,Cori_slidingWindow,1.3067185731217337,0.2768278140904705,2.336609332152997
2021-10-19,9.593406593406593,Germany,Cori_slidingWindow,1.2794219092551895,0.32764963057845653,2.2311941879319224
2021-10-20,9.626373626373626,Germany,Cori_slidingWindow,1.2381853315955886,0.09914538158812468,2.377225281603053
2021-10-21,9.659340659340659,Germany,Cori_slidingWindow,1.1864252045683064,0,2.6409159100421107
2021-10-22,9.692307692307693,Germany,Cori_slidingWindow,1.1353034529796122,0,3.0410772038253193
2021-10-23,9.725274725274726,Germany,Cori_slidingWindow,1.103780067100327,0,3.0842134627887337
2021-10-24,9.758241758241759,Germany,Cori_slidingWindow,1.1082873385876575,0,2.679627992193895
2021-10-25,9.791208791208792,Germany,Cori_slidingWindow,1.1501068323002974,0.03836158394115174,2.261852080659443
2021-10-26,9.824175824175825,Germany,Cori_slidingWindow,1.2108676078438898,0.2211320946129013,2.200603121074878
2021-10-27,9.857142857142858,Germany,Cori_slidingWindow,1.2635047266579358,0,2.743405264082191
2021-10-28,9.89010989010989,Germany,Cori_slidingWindow,1.291922862316102,0,3.0897161906232364
2021-10-29,9.923076923076923,Germany,Cori_slidingWindow,1.299532157508795,0,3.2565814928045147
2021-10-30,9.956043956043956,Germany,Cori_slidingWindow,1.3037632155423913,0,3.461596428339882
2021-10-31,9.989010989010989,Germany,Cori_slidingWindow,1.318293527570768,0,3.1419694518757053
2021-11-01,10.021978021978022,Germany,Cori_slidingWindow,1.341506695513191,0,2.712256083274375
2021-11-02,10.054945054945055,Germany,Cori_slidingWindow,1.359066090497712,0,2.7782033146233687
2021-11-03,10.087912087912088,Germany,Cori_slidingWindow,1.3536832716009273,0,2.7373078290832424
2021-11-04,10.12087912087912,Germany,Cori_slidingWindow,1.319672872524479,0.07085104651982754,2.568494698529131
2021-11-05,10.153846153846153,Germany,Cori_slidingWindow,1.266160055585802,0,2.711522245294078
2021-11-06,10.186813186813188,Germany,Cori_slidingWindow,1.212590370666753,0,2.865841301994961
2021-11-07,10.21978021978022,Germany,Cori_slidingWindow,1.176469544393116,0,2.624440088100502
2021-11-08,10.252747252747254,Germany,Cori_slidingWindow,1.164186227514482,0.02964242116953475,2.298730033859429
2021-11-09,10.285714285714286,Germany,Cori_slidingWindow,1.169627096706294,0.1244213427307721,2.214832850681816
2021-11-10,10.31868131868132,Germany,Cori_slidingWindow,1.1798195164517016,0.09301470488966102,2.266624328013742
2021-11-11,10.351648351648352,Germany,Cori_slidingWindow,1.185066710175831,0.03233747176960033,2.3377959485820616
2021-11-12,10.384615384615385,Germany,Cori_slidingWindow,1.1820421121317493,0,2.528679516235102
2021-11-13,10.417582417582418,Germany,Cori_slidingWindow,1.174053503653352,0,2.6784680528974363
2021-11-14,10.45054945054945,Germany,Cori_slidingWindow,1.16548378326807,0,2.5201042766577046
2021-11-15,10.483516483516484,Germany,Cori_slidingWindow,1.1568447083499835,0.12508987459959542,2.1885995421003717
2021-11-16,10.516483516483516,Germany,Cori_slidingWindow,1.1445327974386614,0.20438018762727608,2.084685407250047
2021-11-17,10.54945054945055,Germany,Cori_slidingWindow,1.1226201000929328,0,2.4679662108865994
2021-11-18,10.582417582417582,Germany,Cori_slidingWindow,1.0891459036497853,0,2.9956130095813673
2021-11-19,10.615384615384615,Germany,Cori_slidingWindow,1.0481504129698551,0,2.9627223221235597
2021-11-20,10.648351648351648,Germany,Cori_slidingWindow,1.0096753801230418,0,2.7234828857538957
2021-11-21,10.681318681318682,Germany,Cori_slidingWindow,0.983081026070132,0,2.496694276931143
2021-11-22,10.714285714285715,Germany,Cori_slidingWindow,0.970673190664671,0,2.3001302219722457
2021-11-23,10.747252747252748,Germany,Cori_slidingWindow,0.9664879479743704,0,2.117922290086733
2021-11-24,10.780219780219781,Germany,Cori_slidingWindow,0.9615121814334252,0,2.1010542649570647
2021-11-25,10.813186813186814,Germany,Cori_slidingWindow,0.951163263524732,0,2.4455536794560135
2021-11-26,10.846153846153847,Germany,Cori_slidingWindow,0.9368902800617548,0,2.4441712474687343
2021-11-27,10.87912087912088,Germany,Cori_slidingWindow,0.9244716155254744,0,2.3260763274641185
2021-11-28,10.912087912087912,Germany,Cori_slidingWindow,0.918273424406747,0,2.1566465465469333
2021-11-29,10.945054945054945,Germany,Cori_slidingWindow,0.9173822992843388,0,1.9060396766048928
2021-11-30,10.978021978021978,Germany,Cori_slidingWindow,0.916655824860554,0,1.883555953509536
2021-12-01,11.010989010989011,Germany,Cori_slidingWindow,0.9098951265051088,0,2.378553731311288
2021-12-02,11.043956043956044,Germany,Cori_slidingWindow,0.8948721084689157,0,2.893191456570499
2021-12-03,11.076923076923077,Germany,Cori_slidingWindow,0.8743765279610924,0,2.6174067734310067
2021-12-04,11.10989010989011,Germany,Cori_slidingWindow,0.8547917555977095,0,2.022622370691817
2021-12-05,11.142857142857142,Germany,Cori_slidingWindow,0.8430041742030224,0,1.7647534981148691
2021-12-06,11.175824175824177,Germany,Cori_slidingWindow,0.8414495263475235,0,1.8216509646634784
2021-12-07,11.20879120879121,Germany,Cori_slidingWindow,0.8473911065138079,0,1.9072420178239144
2021-12-08,11.241758241758243,Germany,Cori_slidingWindow,0.8532241800415292,0,2.2343751342458313
2021-12-09,11.274725274725276,Germany,Cori_slidingWindow,0.8509264867168311,0,2.5619844463158357
2021-12-10,11.307692307692308,Germany,Cori_slidingWindow,0.8376264667469899,0,2.3965237046212984
2021-12-11,11.340659340659341,Germany,Cori_slidingWindow,0.8185176068036724,0,2.409587061416928
2021-12-12,11.373626373626374,Germany,Cori_slidingWindow,0.8038095890640671,0,2.528993938323038
2021-12-13,11.406593406593407,Germany,Cori_slidingWindow,0.7991849095910851,0,2.375370118860213
2021-12-14,11.43956043956044,Germany,Cori_slidingWindow,0.8024922178765157,0,2.51344957679884
2021-12-15,11.472527472527473,Germany,Cori_slidingWindow,0.8068416574971834,0,3.1757520735205764
2021-12-16,11.505494505494505,Germany,Cori_slidingWindow,0.8083021915209531,0,5.437145274513063
2021-12-17,11.538461538461538,Germany,Cori_slidingWindow,0.8092592874854158,0,6.665214215899992
2021-12-18,11.571428571428571,Germany,Cori_slidingWindow,0.8170802624977628,0,4.270186422900598
2021-12-19,11.604395604395604,Germany,Cori_slidingWindow,0.840344480741563,0,2.760003194854832
2021-12-20,11.637362637362637,Germany,Cori_slidingWindow,0.884483947264831,0,2.178367314020112
2021-12-21,11.670329670329672,Germany,Cori_slidingWindow,0.9511558502907246,0,2.088531885753946
2021-12-22,11.703296703296704,Germany,Cori_slidingWindow,1.0370105689655629,0,2.9739536017942285
2021-12-23,11.736263736263737,Germany,Cori_slidingWindow,1.1349533321491398,0,3.6016086919538495
2021-12-24,11.76923076923077,Germany,Cori_slidingWindow,1.237044597764543,0,3.320533883166389
2021-12-25,11.802197802197803,Germany,Cori_slidingWindow,1.3348453797521826,0,3.180661552107284
2021-12-26,11.835164835164836,Germany,Cori_slidingWindow,1.4189995969043976,0,3.135909596370672
2021-12-27,11.868131868131869,Germany,Cori_slidingWindow,1.475897669696754,0.08467497380558009,2.867120365587928
2021-12-28,11.901098901098901,Germany,Cori_slidingWindow,1.4946667267300295,0.14052924283027046,2.8488042106297886
2021-12-29,11.934065934065934,Germany,Cori_slidingWindow,1.4723489773308305,0,4.173349296898891
2021-12-30,11.967032967032967,Germany,Cori_slidingWindow,1.4185755875030528,0,5.040292228162806
2021-12-31,12,Germany,Cori_slidingWindow,1.3539564428896016,0,4.092071452394156
