R,k,mutation_proba,testing_proba,sequencing_proba,n_clusters,max_cluster_size,detection_proba,n_divergent_transitions,R_estimate,R_lower_cred_int,R_upper_cred_int,min_R_Rhat,max_R_Rhat,k_estimate,k_lower_cred_int,k_upper_cred_int,min_k_Rhat,max_k_Rhat,mutation_proba_estimate,mutation_proba_lower_cred_int,mutation_proba_upper_cred_int,min_mutation_proba_Rhat,max_mutation_proba_Rhat,testing_proba_estimate,testing_proba_lower_cred_int,testing_proba_upper_cred_int,min_testing_proba_Rhat,max_testing_proba_Rhat,detection_proba_estimate,detection_proba_lower_cred_int,detection_proba_upper_cred_int,min_detection_proba_Rhat,max_detection_proba_Rhat
0.7,0.1,0.281,0.1,0.01,3000,1500,0.001,0,0.6814308412224612,0.4084722076690745,1.0054142993269353,1.0015047458701116,1.0049283342664832,0.5265962160372949,0.18592302981620798,1.0267652402708085,0.9990405658280598,1.0025718458671757,0.2956310349564484,0.20868210861395664,0.39136490623992215,0.9991291149176642,1.008299739068861,0.3759916077524198,0.06253411909315723,0.9249988829941164,0.999993392363617,1.0080589652871572,0.003759916077524198,6.253411909315724e-4,0.009249988829941163,0.999993392363617,1.0080589652871572
0.9,0.1,0.281,0.1,0.01,3000,1500,0.001,0,0.828072030475517,0.6106233844432027,1.1145050629832773,1.0013172605055287,1.0061445448965654,0.5077328614401793,0.17130786992962263,1.030725122439873,1.0011637245349598,1.0074829751301957,0.28930906980325327,0.2049957817475595,0.38335924191509124,1.0011109528801172,1.0065404188272458,0.533204502593712,0.09256814467369572,0.9711306783512861,0.9988736612062138,1.0052080840054471,0.00533204502593712,9.256814467369571e-4,0.009711306783512862,0.9988736612062138,1.005208084005447
1.1,0.1,0.281,0.1,0.01,3000,1500,0.001,0,0,0,0,0,0,0,0,0,0,0,0,0,0,0,0,0,0,0,0,0,0,0,0,0,0
1.3,0.1,0.281,0.1,0.01,3000,1500,0.001,0,0,0,0,0,0,0,0,0,0,0,0,0,0,0,0,0,0,0,0,0,0,0,0,0,0
0.7,0.3,0.281,0.1,0.01,3000,1500,0.001,0,0.6223611486122941,0.3418059694733275,0.91461770819653,1.000011261783059,1.0070067740789541,0.541827817731538,0.19896812389927213,1.0718266104352006,0.9994824179560317,1.0038263853270661,0.2954247542324969,0.20785725560848806,0.3922539925770163,0.998982740808712,1.0036864293517584,0.24190683990580203,0.055185548205393536,0.7542615978518187,0.9996727006365755,1.005628647303875,0.0024190683990580205,5.518554820539353e-4,0.007542615978518186,0.9996727006365755,1.005628647303875
0.9,0.3,0.281,0.1,0.01,3000,1500,0.001,0,0.7055052242770764,0.45280616115595035,1.0289229668153317,1.0013090415956893,1.0090857592039695,0.5338098389866345,0.18939888012771575,1.0596201297439443,0.9986432409188744,1.002413260757597,0.2931219294862328,0.20379921655062308,0.3882075500925048,0.9986588895896424,1.0032148695814944,0.40674149994394276,0.0674271301277809,0.9423711798521647,1.0010921987906947,1.0081439700462898,0.004067414999439428,6.742713012778088e-4,0.009423711798521646,1.0010921987906949,1.0081439700462895
1.1,0.3,0.281,0.1,0.01,3000,1500,0.001,0,0,0,0,0,0,0,0,0,0,0,0,0,0,0,0,0,0,0,0,0,0,0,0,0,0
1.3,0.3,0.281,0.1,0.01,3000,1500,0.001,0,0,0,0,0,0,0,0,0,0,0,0,0,0,0,0,0,0,0,0,0,0,0,0,0,0
0.7,0.5,0.281,0.1,0.01,3000,1500,0.001,0,0.6106609428745783,0.3300757250115196,0.9028897072939543,1.0010811153930708,1.0069256711591783,0.5467277433793262,0.1992955048386238,1.0773244034250353,0.9993091266401304,1.001409783811892,0.29574839162459987,0.20822008764894295,0.3916222007740451,0.9994316264684814,1.0054563569562684,0.21953579522866673,0.05407703371438643,0.7220899985771896,1.0028474872163697,1.0110549006186715,0.0021953579522866673,5.407703371438642e-4,0.007220899985771896,1.0028474872163697,1.0110549006186715
0.9,0.5,0.281,0.1,0.01,3000,1500,0.001,0,0.6857643817278727,0.42019865275808144,1.0050519839504528,1.0004021203308744,1.006786815107938,0.5303295532736422,0.18951752718505066,1.0458006154918027,0.9994599609396422,1.0027052619648698,0.29381926097674654,0.20521698220872736,0.3891495661071701,1.00068964934403,1.0054859013860546,0.381417681606118,0.06539438812651961,0.9216843546791227,1.0004001413770538,1.0081785224248876,0.0038141768160611803,6.539438812651962e-4,0.009216843546791227,1.0004001413770538,1.0081785224248874
1.1,0.5,0.281,0.1,0.01,3000,1500,0.001,0,0,0,0,0,0,0,0,0,0,0,0,0,0,0,0,0,0,0,0,0,0,0,0,0,0
1.3,0.5,0.281,0.1,0.01,3000,1500,0.001,0,0,0,0,0,0,0,0,0,0,0,0,0,0,0,0,0,0,0,0,0,0,0,0,0,0
0.7,0.1,0.281,0.2,0.01,3000,1500,0.002,0,0.7357701087166645,0.4912118084232705,1.0567655361632942,0.9987969631793264,1.0044298768683855,0.5260125079387686,0.18250745276295144,1.0600666596967503,0.9986801618174361,1.0081659157321994,0.2921003667367644,0.20348858259472957,0.38883511398773113,0.998769137400166,1.0028662724168698,0.46658247431804595,0.0759817575006048,0.955605091708882,0.9985763781031874,1.006331400975277,0.00466582474318046,7.598175750060481e-4,0.00955605091708882,0.9985763781031874,1.006331400975277
0.9,0.1,0.281,0.2,0.01,3000,1500,0.002,0,0.9081317023898707,0.7084309061371772,1.1754650951977166,0.9991200470789161,1.0126136968118042,0.48272126824607253,0.15313674849140024,0.9956113793878033,1.0007974681236456,1.0045481272293644,0.2870473553921084,0.2032493314996859,0.380237686451485,0.99977979702941,1.0046659024602151,0.5849020680139217,0.10124390904772998,0.97997582821503,1.0005289233995076,1.0067334494222822,0.005849020680139217,0.0010124390904772997,0.009799758282150302,1.0005289233995076,1.0067334494222822
1.1,0.1,0.281,0.2,0.01,3000,1500,0.002,0,0,0,0,0,0,0,0,0,0,0,0,0,0,0,0,0,0,0,0,0,0,0,0,0,0
1.3,0.1,0.281,0.2,0.01,3000,1500,0.002,0,0,0,0,0,0,0,0,0,0,0,0,0,0,0,0,0,0,0,0,0,0,0,0,0,0
0.7,0.3,0.281,0.2,0.01,3000,1500,0.002,0,0.6883798616725534,0.42278519179046353,1.004024724068128,1.000012300776639,1.0062024783057992,0.5340817530826272,0.19434481557375322,1.0589228971109912,0.9985816111053094,1.006455366679749,0.29393572860087386,0.2074449588278338,0.3889822002821703,0.9999932789350551,1.0033088148738516,0.3858920024583762,0.06544210373437313,0.9261687864444337,1.000729012932606,1.004684776423836,0.0038589200245837617,6.544210373437315e-4,0.009261687864444335,1.000729012932606,1.004684776423836
0.9,0.3,0.281,0.2,0.01,3000,1500,0.002,0,0.7937547949552436,0.5656854595623316,1.0940294477765486,1.0010854465955312,1.011350640776925,0.5253073347958714,0.18760920539147463,1.049754869006775,0.9996723405658519,1.0031119289823014,0.2896912697931304,0.20290322185720483,0.38461436678120403,0.9994305374037187,1.0041136871182845,0.5051417436560485,0.08721137338092601,0.9641871406141358,1.003170696956673,1.012848087759977,0.005051417436560485,8.721137338092602e-4,0.009641871406141358,1.0031706969566727,1.012848087759977
1.1,0.3,0.281,0.2,0.01,3000,1500,0.002,0,0,0,0,0,0,0,0,0,0,0,0,0,0,0,0,0,0,0,0,0,0,0,0,0,0
1.3,0.3,0.281,0.2,0.01,3000,1500,0.002,0,0,0,0,0,0,0,0,0,0,0,0,0,0,0,0,0,0,0,0,0,0,0,0,0,0
0.7,0.5,0.281,0.2,0.01,3000,1500,0.002,0,0.6606175591847183,0.3871774811353617,0.979235882661357,1.000395868761903,1.0097488592695854,0.537218882750231,0.1918631380516461,1.0803637817284395,0.999594492407146,1.0036030330570458,0.2945751085170784,0.20791319673558836,0.38595576101469325,0.99872952434847,1.0059856262533737,0.32395385233118235,0.06169998439280316,0.8784651054554972,1.0003707897489968,1.0081226241110675,0.0032395385233118237,6.169998439280315e-4,0.008784651054554971,1.0003707897489968,1.0081226241110675
0.9,0.5,0.281,0.2,0.01,3000,1500,0.002,0,0.760491291917949,0.530006804205442,1.0656186273172559,1.0001159713776753,1.0099290439578283,0.5280693183580543,0.1883787538861197,1.052939416171462,0.9989879353608225,1.0029634975354333,0.29062421159155793,0.20458398266743716,0.3814910478503497,1.0020559344105298,1.004768055977333,0.477797046381424,0.08022012340212746,0.9622103076686828,0.9989712225170206,1.01054555922772,0.004777970463814241,8.022012340212747e-4,0.009622103076686829,0.9989712225170206,1.01054555922772
1.1,0.5,0.281,0.2,0.01,3000,1500,0.002,0,0,0,0,0,0,0,0,0,0,0,0,0,0,0,0,0,0,0,0,0,0,0,0,0,0
1.3,0.5,0.281,0.2,0.01,3000,1500,0.002,0,0,0,0,0,0,0,0,0,0,0,0,0,0,0,0,0,0,0,0,0,0,0,0,0,0
0.7,0.1,0.281,0.4,0.01,3000,1500,0.004,0,0.8547533187690085,0.6418395878081441,1.1389609563377148,0.9998040348149199,1.009150355736915,0.5146664163189578,0.17852298736858382,1.0375213078015915,1.0002819650760266,1.0032473459379079,0.28815483153671334,0.20024852146087663,0.38309952685751253,0.9998951647686167,1.0044225850904762,0.5429794284559949,0.08969730967578943,0.9743550580930391,0.9996693571580165,1.0067281914903143,0.005429794284559949,8.969730967578944e-4,0.00974355058093039,0.9996693571580165,1.0067281914903143
0.9,0.1,0.281,0.4,0.01,3000,1500,0.004,0,1.0203046759501986,0.8433475626593729,1.2400554334757352,1.0010783039769,1.0040096035518076,0.4562781028234992,0.1449019415960857,0.97167962396938945,0.9987821355377886,1.0048203611426163,0.2846498907230512,0.19916232234501238,0.3768593468273516,1.0003261739397453,1.002640723424889,0.6126131423275067,0.11588946463978664,0.9847644623339107,1.0009178885218155,1.0026743112249248,0.006126131423275068,0.0011588946463978666,0.009847644623339107,1.0009178885218155,1.0026743112249248
1.1,0.1,0.281,0.4,0.01,3000,1500,0.004,0,0,0,0,0,0,0,0,0,0,0,0,0,0,0,0,0,0,0,0,0,0,0,0,0,0
1.3,0.1,0.281,0.4,0.01,3000,1500,0.004,0,0,0,0,0,0,0,0,0,0,0,0,0,0,0,0,0,0,0,0,0,0,0,0,0,0
0.7,0.3,0.281,0.4,0.01,3000,1500,0.004,0,0.7618932634699236,0.5267221705347329,1.0731430864201603,1.0006611539032986,1.0080697373280085,0.5269898931228142,0.18248611259945938,1.042729203809366,1.0001120642961432,1.0015747445954022,0.2920716018790054,0.2068556481055241,0.38510375009950876,0.9995499277192135,1.0051908296974335,0.482567692261274,0.08023236143169439,0.9633444713402525,0.9991180072989112,1.0060843697307862,0.00482567692261274,8.023236143169439e-4,0.009633444713402526,0.9991180072989112,1.0060843697307862
0.9,0.3,0.281,0.4,0.01,3000,1500,0.004,0,0.8965106379621314,0.6917395581235581,1.1746908033317016,1.0006946170871054,1.0114808742263826,0.4787815111092106,0.14842073606948114,0.9996414320225372,0.9988977610735946,1.0030479507032841,0.2869332584132692,0.1985647003428783,0.38198120021245,0.9993473495483696,1.0076819623930868,0.58043300633446,0.10336200684123782,0.980878656776904,1.0003673992527298,1.007657954593747,0.0058043300633446,0.0010336200684123783,0.00980878656776904,1.0003673992527298,1.007657954593747
1.1,0.3,0.281,0.4,0.01,3000,1500,0.004,0,0,0,0,0,0,0,0,0,0,0,0,0,0,0,0,0,0,0,0,0,0,0,0,0,0
1.3,0.3,0.281,0.4,0.01,3000,1500,0.004,0,0,0,0,0,0,0,0,0,0,0,0,0,0,0,0,0,0,0,0,0,0,0,0,0,0
0.7,0.5,0.281,0.4,0.01,3000,1500,0.004,0,0.728493081606475,0.4809064386267412,1.0457692043883293,0.9988567358007405,1.0046960260842932,0.526270288889293,0.18701989754621776,1.0363070190891865,0.9989231979991822,1.0042922485768246,0.2918864432848784,0.20519180134004739,0.3861972874906877,0.9998476172068255,1.0051783653071706,0.43213421314937905,0.07324072962272164,0.9451880205772183,0.9997935692745312,1.0061099311205117,0.00432134213149379,7.324072962272164e-4,0.009451880205772185,0.9997935692745313,1.0061099311205117
0.9,0.5,0.281,0.4,0.01,3000,1500,0.004,0,0.8554717442766028,0.6480719551904044,1.1444237408183222,1.0005232822680965,1.0042212567934208,0.510237639102428,0.17807332657246486,1.0303963645625736,0.999163365782409,1.0014656625479121,0.2880814726646837,0.20213863675266855,0.38160296188247494,0.9986676343208101,1.0031845956581849,0.5441924163057099,0.09257879733382829,0.9741870091091738,0.999107438548667,1.0038412710308982,0.0054419241630571,9.25787973338283e-4,0.009741870091091738,0.999107438548667,1.0038412710308982
1.1,0.5,0.281,0.4,0.01,3000,1500,0.004,0,0,0,0,0,0,0,0,0,0,0,0,0,0,0,0,0,0,0,0,0,0,0,0,0,0
1.3,0.5,0.281,0.4,0.01,3000,1500,0.004,0,0,0,0,0,0,0,0,0,0,0,0,0,0,0,0,0,0,0,0,0,0,0,0,0,0
0.7,0.1,0.281,0.6,0.01,3000,1500,0.006,0,0.8984018719232919,0.6949184621885606,1.1701045492678468,1.001446080722823,1.0059292729640763,0.4873223354006777,0.16784502759238235,0.9847819676284331,1.0003436416235494,1.0045403669554351,0.2867819746782344,0.2025999094250181,0.37714125480169414,0.9988885654437709,1.0044639176479655,0.582875099609672,0.1069194614401791,0.9817756433887324,0.9995503816477589,1.0089108436730432,0.0058287509960967205,0.0010691946144017908,0.009817756433887324,0.9995503816477589,1.0089108436730432
0.9,0.1,0.281,0.6,0.01,3000,1500,0.006,0,1.0565135568190076,0.8880560638024659,1.2677257587293096,1.0003743872627224,1.0071556362901894,0.4603771756795418,0.1600136314017768,0.9631739219389645,1.0002712158061366,1.0021644359322905,0.28233218580156105,0.1981897204225164,0.3734361643918872,1.0012492311505585,1.0043494278314793,0.6211781060948025,0.13264609987125756,0.9819769738368829,1.0000876007286925,1.0089781574327632,0.006211781060948026,0.0013264609987125755,0.00981976973836883,1.0000876007286925,1.0089781574327632
1.1,0.1,0.281,0.6,0.01,3000,1500,0.006,0,0,0,0,0,0,0,0,0,0,0,0,0,0,0,0,0,0,0,0,0,0,0,0,0,0
1.3,0.1,0.281,0.6,0.01,3000,1500,0.006,0,0,0,0,0,0,0,0,0,0,0,0,0,0,0,0,0,0,0,0,0,0,0,0,0,0
0.7,0.3,0.281,0.6,0.01,3000,1500,0.006,0,0.8099796444053146,0.5891271734426059,1.10760668161569,0.9996902653363751,1.0044459127712628,0.5177837498155077,0.18404230332602628,1.0315618197579786,0.9991373927944324,1.0064837369945299,0.29022921487953174,0.20252623969137568,0.3855517939225372,0.9989766237209519,1.003201363477452,0.5220129996382721,0.0868818390272914,0.970675337237196,0.9994963022460832,1.0052147577938546,0.0052201299963827216,8.68818390272914e-4,0.009706753372371962,0.9994963022460832,1.0052147577938546
0.9,0.3,0.281,0.6,0.01,3000,1500,0.006,0,0.949943564961973,0.7624125130185105,1.2040168020038102,1.0021240417169588,1.0076193699101592,0.4791891261309563,0.1604937026186783,0.9841117155799867,1.0013981256417506,1.0036480308446327,0.2851712372045652,0.20099025015863423,0.37739231831052805,0.9986772440058511,1.0037003198504861,0.5984804188274936,0.11505936602901885,0.9799793728488551,1.0012510172233657,1.0048552665197796,0.005984804188274935,0.0011505936602901885,0.00979979372848855,1.0012510172233657,1.0048552665197796
1.1,0.3,0.281,0.6,0.01,3000,1500,0.006,0,0,0,0,0,0,0,0,0,0,0,0,0,0,0,0,0,0,0,0,0,0,0,0,0,0
1.3,0.3,0.281,0.6,0.01,3000,1500,0.006,0,0,0,0,0,0,0,0,0,0,0,0,0,0,0,0,0,0,0,0,0,0,0,0,0,0
0.7,0.5,0.281,0.6,0.01,3000,1500,0.006,0,0.7625138937876377,0.5354792370697099,1.0737186846242974,1.0023082152632081,1.0086933694903404,0.5166683535153588,0.17227318159854613,1.0542378327702655,0.9990715549372989,1.001982492929022,0.2907154331193888,0.2047383506471236,0.383249516615148,0.9993343856548447,1.0028421083825316,0.49364134899771517,0.07957956221664388,0.9652130345132178,1.0006621715998056,1.0090338293354117,0.0049364134899771515,7.957956221664387e-4,0.009652130345132178,1.0006621715998056,1.0090338293354115
0.9,0.5,0.281,0.6,0.01,3000,1500,0.006,0,0.9146110294234824,0.7218239016193543,1.1798788297773002,1.0009384710925828,1.006748935889324,0.49387635546932646,0.16894911951659988,1.0172121502246705,0.9989700614629383,1.0051861096327652,0.28690899668302466,0.20357714476701333,0.38056535652628354,0.9995785578449762,1.0066337662363591,0.5828477474478685,0.10711352043761861,0.9808435333863376,1.000085428952671,1.0063628260526636,0.005828477474478685,0.0010711352043761863,0.009808435333863375,1.000085428952671,1.0063628260526636
1.1,0.5,0.281,0.6,0.01,3000,1500,0.006,0,0,0,0,0,0,0,0,0,0,0,0,0,0,0,0,0,0,0,0,0,0,0,0,0,0
1.3,0.5,0.281,0.6,0.01,3000,1500,0.006,0,0,0,0,0,0,0,0,0,0,0,0,0,0,0,0,0,0,0,0,0,0,0,0,0,0
0.7,0.1,0.281,0.8,0.01,3000,1500,0.008,0,0.9230743687642778,0.7161053358240994,1.1762407374125936,1.0001426268422584,1.0036327040173216,0.4152678064907759,0.11626827111156197,0.9156223308002199,1.0011882312831102,1.0028957545852395,0.2862944737047394,0.19904713210116315,0.38201384349330153,0.9994917230891489,1.0025727125000512,0.6186837461041564,0.12370136623503192,0.9849633938666967,0.9995054739699349,1.00266469411855,0.006186837461041564,0.001237013662350319,0.009849633938666969,0.9995054739699349,1.00266469411855
0.9,0.1,0.281,0.8,0.01,3000,1500,0.008,0,1.0471054735610807,0.8667983087935522,1.2609865703378516,1.00040464211159,1.011036140136279,0.34198984710564717,0.09588729914656527,0.7859466916053842,0.9986234821385856,1.0037364113297302,0.2815612753533356,0.19777143270407216,0.37347964150161556,0.9999141611630883,1.0097877362862386,0.6682793442862511,0.16702863024594267,0.9885702858133913,1.0010673713705192,1.0071971442494845,0.006682793442862511,0.0016702863024594266,0.009885702858133914,1.001067371370519,1.0071971442494845
1.1,0.1,0.281,0.8,0.01,3000,1500,0.008,0,0,0,0,0,0,0,0,0,0,0,0,0,0,0,0,0,0,0,0,0,0,0,0,0,0
1.3,0.1,0.281,0.8,0.01,3000,1500,0.008,0,0,0,0,0,0,0,0,0,0,0,0,0,0,0,0,0,0,0,0,0,0,0,0,0,0
0.7,0.3,0.281,0.8,0.01,3000,1500,0.008,0,0.8418406535206057,0.6317257955517033,1.1279452401474794,1.0007802379013178,1.0081465313959506,0.5108283588961074,0.1769624638487475,1.033044612759733,1.0000442758118129,1.0026819876328594,0.2880790431947353,0.2029480421916002,0.3796437332355871,0.9996111847080332,1.0023380486757352,0.5521093998646985,0.10021907201091292,0.9758705111799245,0.9992113403247714,1.0055218550365863,0.005521093998646986,0.001002190720109129,0.009758705111799245,0.9992113403247714,1.0055218550365863
0.9,0.3,0.281,0.8,0.01,3000,1500,0.008,0,0.999373045196372,0.8198993313796137,1.2250355552938108,1.0024126824870867,1.007196390816466,0.4781835314333932,0.15346438330282589,1.0031533133531205,1.0013910685890073,1.0071732497262602,0.2845629125930415,0.2013799728002813,0.380379933955042,0.9997493047101859,1.0043352748486292,0.6106982667213916,0.12131945627310092,0.9818836246244733,1.0011036209372484,1.0112104786135954,0.0061069826672139164,0.0012131945627310093,0.009818836246244734,1.0011036209372484,1.0112104786135954
1.1,0.3,0.281,0.8,0.01,3000,1500,0.008,0,0,0,0,0,0,0,0,0,0,0,0,0,0,0,0,0,0,0,0,0,0,0,0,0,0
1.3,0.3,0.281,0.8,0.01,3000,1500,0.008,0,0,0,0,0,0,0,0,0,0,0,0,0,0,0,0,0,0,0,0,0,0,0,0,0,0
0.7,0.5,0.281,0.8,0.01,3000,1500,0.008,0,0.8110546958768731,0.6020598927440215,1.1017379736952355,0.999871579283347,1.0058972060853109,0.510088829640314,0.17560158888793603,1.0412789682470625,1.0006547719356997,1.0062273420210603,0.28916515676499666,0.20411329248242555,0.382289106045605,0.9994443074462709,1.004253056923874,0.5359280249614399,0.09248273762099125,0.9767473605389358,1.000317475904884,1.0071348244125111,0.0053592802496144,9.248273762099125e-4,0.009767473605389359,1.000317475904884,1.0071348244125111
0.9,0.5,0.281,0.8,0.01,3000,1500,0.008,0,0.9513590631150378,0.7664318146309121,1.1920538055247247,1.0007492987590803,1.0058336205736638,0.46611909091139725,0.15256282542080996,0.9523053936745611,0.9998524347069405,1.0039639619144007,0.2853684253228011,0.2036705847139204,0.37602425710711346,0.9992043494452489,1.0052627604264859,0.5898438126861142,0.10474131749855725,0.9783316282100968,0.9998935699826078,1.0026731975990895,0.005898438126861142,0.0010474131749855725,0.009783316282100968,0.9998935699826078,1.0026731975990895
1.1,0.5,0.281,0.8,0.01,3000,1500,0.008,0,0,0,0,0,0,0,0,0,0,0,0,0,0,0,0,0,0,0,0,0,0,0,0,0,0
1.3,0.5,0.281,0.8,0.01,3000,1500,0.008,0,0,0,0,0,0,0,0,0,0,0,0,0,0,0,0,0,0,0,0,0,0,0,0,0,0
0.7,0.1,0.281,0.1,0.1,3000,1500,0.01,0,0.6835192300657292,0.43477133078056407,0.9971856591195515,1.0005217671244975,1.0039373587033225,0.5109019349042119,0.20149163170680434,1.0071981693349579,1.0007945822754412,1.0043324878513,0.29439672243421855,0.2066116576068133,0.38927236199209697,0.9990802388710365,1.0040414679255651,0.38318424751057334,0.06639840938815059,0.9236293542501756,1.0001949500271983,1.008223376663814,0.03831842475105734,0.006639840938815059,0.09236293542501757,1.0001949500271983,1.008223376663814
0.9,0.1,0.281,0.1,0.1,3000,1500,0.01,0,0.750457875391996,0.5734495540757613,1.0458292067527044,1.0006883529224362,1.0052696780816328,0.3593400406727581,0.1457610795134281,0.7605156814715939,0.9988334176163939,1.0018278657602349,0.2911249989888291,0.20603304743695633,0.3840331112979827,0.9987911065620464,1.0057818588582395,0.5711204160561374,0.10789982310433306,0.9780974345469707,1.001153116669508,1.0074948723388124,0.05711204160561374,0.010789982310433304,0.09780974345469708,1.001153116669508,1.0074948723388126
1.1,0.1,0.281,0.1,0.1,3000,1500,0.01,0,0,0,0,0,0,0,0,0,0,0,0,0,0,0,0,0,0,0,0,0,0,0,0,0,0
1.3,0.1,0.281,0.1,0.1,3000,1500,0.01,0,0,0,0,0,0,0,0,0,0,0,0,0,0,0,0,0,0,0,0,0,0,0,0,0,0
0.7,0.3,0.281,0.1,0.1,3000,1500,0.01,0,0.6284107764358168,0.343723012329951,0.9198493865505073,0.9996784514785965,1.005506644845067,0.5478120038673955,0.20458021579207725,1.0703116601163016,0.9994131415693176,1.0023124893742872,0.29553041425805127,0.20828605219896754,0.3906177867472838,0.9993364415625705,1.0040582660065651,0.24466957290733246,0.05620522890872488,0.7332884131850971,1.0003308955099464,1.0071148967592598,0.024466957290733247,0.005620522890872489,0.07332884131850972,1.0003308955099464,1.0071148967592598
0.9,0.3,0.281,0.1,0.1,3000,1500,0.01,0,0.7147476366208406,0.47306352723740214,1.0373319316904335,1.0007908310652833,1.0053469657587808,0.5562182105866873,0.20135843326322772,1.1030275992455552,0.9993725117366256,1.0039899820124942,0.29287917275014164,0.2062741178211176,0.3886609733209352,0.9988690144509976,1.0024110601108578,0.4221736157572586,0.07049665762469577,0.9435396021450435,1.0029848744081413,1.0080284548143676,0.042217361575725865,0.007049665762469579,0.09435396021450436,1.0029848744081413,1.0080284548143676
1.1,0.3,0.281,0.1,0.1,3000,1500,0.01,0,0,0,0,0,0,0,0,0,0,0,0,0,0,0,0,0,0,0,0,0,0,0,0,0,0
1.3,0.3,0.281,0.1,0.1,3000,1500,0.01,0,0,0,0,0,0,0,0,0,0,0,0,0,0,0,0,0,0,0,0,0,0,0,0,0,0
0.7,0.5,0.281,0.1,0.1,3000,1500,0.01,0,0.6062013848695398,0.32162635008279417,0.8876801972909057,0.9988334937965715,1.0147821123327019,0.5183213980246149,0.18556161205244368,1.0341812409541695,0.9996924878230994,1.00323620657507,0.29678386783146044,0.20826113357504533,0.3926171530302414,0.9998739977992178,1.0051571877252823,0.23208269892416192,0.05582520621866892,0.7272338516377789,0.9993151166303499,1.008671952047117,0.023208269892416193,0.005582520621866892,0.07272338516377788,0.9993151166303499,1.008671952047117
0.9,0.5,0.281,0.1,0.1,3000,1500,0.01,0,0.6964791209183879,0.4339384226895702,1.0185770758288462,1.0002455465843478,1.0116510523047757,0.5906912375586213,0.22955695185773914,1.1377625114913177,0.9988291814311173,1.00323843720653,0.29306453182817355,0.2068452324772974,0.38853785981791655,0.9999276469412558,1.002638376260448,0.3771584195262809,0.06367708327000446,0.9290710586107997,1.0003922651964707,1.0109644085192204,0.03771584195262809,0.006367708327000446,0.09290710586107999,1.0003922651964707,1.0109644085192204
1.1,0.5,0.281,0.1,0.1,3000,1500,0.01,0,0,0,0,0,0,0,0,0,0,0,0,0,0,0,0,0,0,0,0,0,0,0,0,0,0
1.3,0.5,0.281,0.1,0.1,3000,1500,0.01,0,0,0,0,0,0,0,0,0,0,0,0,0,0,0,0,0,0,0,0,0,0,0,0,0,0
0.7,0.1,0.281,0.2,0.1,3000,1500,0.02,0,0.647173417870824,0.4808512428235477,0.9197717401648325,1.0006333696941907,1.0078533434195682,0.2766158703371148,0.10896850819392369,0.591146378884495,0.9989840459688374,1.004018783219566,0.2951483489023075,0.2075097118084348,0.3914248365019967,0.9997037849700366,1.0050753485996755,0.5629821804309413,0.12723348066827617,0.9719386561637005,1.0007607943775785,1.0051554523857775,0.056298218043094136,0.012723348066827617,0.09719386561637004,1.0007607943775785,1.0051554523857775
0.9,0.1,0.281,0.2,0.1,3000,1500,0.02,0,0.8121175778468602,0.6766413494821263,0.9963295946249965,1.000814325077462,1.0094305709040898,0.22547518299212044,0.11088250324564353,0.39054190603348543,0.9993074038877625,1.0031025093559551,0.2906149500579004,0.20556069299785146,0.3831448062793176,0.9995739429175899,1.0063725790156803,0.6864107091194527,0.24413938275976682,0.9883205859883225,1.0009010769755629,1.0062766353672536,0.06864107091194527,0.024413938275976682,0.09883205859883225,1.0009010769755629,1.0062766353672534
1.1,0.1,0.281,0.2,0.1,3000,1500,0.02,0,0,0,0,0,0,0,0,0,0,0,0,0,0,0,0,0,0,0,0,0,0,0,0,0,0
1.3,0.1,0.281,0.2,0.1,3000,1500,0.02,0,0,0,0,0,0,0,0,0,0,0,0,0,0,0,0,0,0,0,0,0,0,0,0,0,0
0.7,0.3,0.281,0.2,0.1,3000,1500,0.02,0,0.6717831744951743,0.41244315729608516,0.9910280361093528,1.0001349908150587,1.0052146138279674,0.5366514565736065,0.19864900171989733,1.049481641189165,0.999003252454901,1.0026338568848587,0.29538169020054644,0.20704774529799844,0.3913270052605763,0.9996929936054071,1.0107912447536322,0.35939324810697515,0.06362158356057533,0.9025938987425567,1.0020118788231829,1.0059040105706516,0.03593932481069752,0.006362158356057534,0.09025938987425568,1.0020118788231829,1.0059040105706516
0.9,0.3,0.281,0.2,0.1,3000,1500,0.02,0,0.7846800068483227,0.590229499571084,1.064851380562099,1.0015348841589402,1.0046288107335783,0.4790004256307436,0.18971060951025953,0.976924427104522,1.0018169899250133,1.0038976160300261,0.28959389926132884,0.20539393720258292,0.3821502218639029,1.0005815972611058,1.0039579830090306,0.5175415733989013,0.09520645991788658,0.9675727785477304,1.0011500138887732,1.006561808668722,0.05175415733989014,0.00952064599178866,0.09675727785477306,1.0011500138887732,1.006561808668722
1.1,0.3,0.281,0.2,0.1,3000,1500,0.02,0,0,0,0,0,0,0,0,0,0,0,0,0,0,0,0,0,0,0,0,0,0,0,0,0,0
1.3,0.3,0.281,0.2,0.1,3000,1500,0.02,0,0,0,0,0,0,0,0,0,0,0,0,0,0,0,0,0,0,0,0,0,0,0,0,0,0
0.7,0.5,0.281,0.2,0.1,3000,1500,0.02,0,0.6699142952068705,0.4023208302928275,0.9770784289096098,1.0028077808489293,1.010776247938314,0.566963866853713,0.21836595111347454,1.1225325980795047,1.0008313865474454,1.0046854986603289,0.2940384322627487,0.20398332444629935,0.3904028867209568,0.9992148007289461,1.002130318750196,0.32204567896467035,0.06074928783531725,0.854709533550661,1.0027593298644217,1.00630627216771,0.032204567896467036,0.006074928783531726,0.0854709533550661,1.0027593298644217,1.00630627216771
0.9,0.5,0.281,0.2,0.1,3000,1500,0.02,0,0.787432449692164,0.5755894148934524,1.0868788694383893,1.0013023367657312,1.012879317178994,0.5990895944064197,0.26826653660288385,1.1028908661034025,1.0018040007182998,1.0038629162137733,0.2911688865659335,0.20308521798186838,0.3878356728322989,1.0004337883128203,1.0057466150539744,0.4757703889597718,0.07696229560586355,0.9637291122551084,1.0031336373872097,1.008338128599659,0.04757703889597718,0.007696229560586357,0.09637291122551084,1.0031336373872097,1.008338128599659
1.1,0.5,0.281,0.2,0.1,3000,1500,0.02,0,0,0,0,0,0,0,0,0,0,0,0,0,0,0,0,0,0,0,0,0,0,0,0,0,0
1.3,0.5,0.281,0.2,0.1,3000,1500,0.02,0,0,0,0,0,0,0,0,0,0,0,0,0,0,0,0,0,0,0,0,0,0,0,0,0,0
0.7,0.1,0.281,0.4,0.1,3000,1500,0.04,0,0.694525249902081,0.5663856314712559,0.881506803222453,1.002727618688006,1.0120938781326863,0.1792885744371452,0.08522173275396473,0.3255208821901627,1.0004171077398476,1.0021983373076,0.2928490910030184,0.20611579107421873,0.39004631338932066,1.0001005122409898,1.0061740837734758,0.6787761999714635,0.23271452082025873,0.9875158318566924,0.9998157928524514,1.0119508878371628,0.06787761999714637,0.023271452082025877,0.09875158318566923,0.9998157928524513,1.0119508878371628
0.9,0.1,0.281,0.4,0.1,3000,1500,0.04,0,0.8814154080915165,0.7484133508296781,1.0487054642093383,1.0000489999270994,1.0079504285155485,0.1927675382867893,0.09620257484359665,0.3412274053837729,1.0010115991819364,1.004267354258276,0.28694187357666046,0.19920798803037368,0.3810861079849218,0.9990023598423896,1.0142790194781348,0.717141600063409,0.2756173287422043,0.9890052263154876,1.0018363136830506,1.009312556118248,0.07171416000634091,0.02756173287422043,0.09890052263154878,1.0018363136830506,1.009312556118248
1.1,0.1,0.281,0.4,0.1,3000,1500,0.04,0,0,0,0,0,0,0,0,0,0,0,0,0,0,0,0,0,0,0,0,0,0,0,0,0,0
1.3,0.1,0.281,0.4,0.1,3000,1500,0.04,0,0,0,0,0,0,0,0,0,0,0,0,0,0,0,0,0,0,0,0,0,0,0,0,0,0
0.7,0.3,0.281,0.4,0.1,3000,1500,0.04,0,0.7146723930955846,0.5089544807373979,1.011125954242535,1.003000901526031,1.0050562215775074,0.4199635406414349,0.16318423360239848,0.8970016674162504,1.0004752643805312,1.003234412770013,0.29283032072836757,0.20799769560488118,0.38746325390167474,0.999417190608567,1.0044910602511428,0.5039613348847087,0.09371509517740775,0.9679220769965886,1.0016508554113401,1.0082305806670444,0.05039613348847087,0.009371509517740776,0.09679220769965888,1.0016508554113401,1.0082305806670444
0.9,0.3,0.281,0.4,0.1,3000,1500,0.04,0,0.8613195688824081,0.7003776754756994,1.09743152589895,1.0022725145847955,1.0063392389981718,0.3695354417003177,0.15936712652633941,0.7570396869249332,1.0006390220139216,1.006939937291734,0.2886243797755136,0.20334635349540264,0.38076737952215384,0.9996918884195957,1.0036575968017796,0.6059317120977249,0.14002539187712093,0.9826661067675302,1.0039966069719544,1.0082682710028796,0.0605931712097725,0.014002539187712094,0.09826661067675302,1.0039966069719544,1.0082682710028796
1.1,0.3,0.281,0.4,0.1,3000,1500,0.04,0,0,0,0,0,0,0,0,0,0,0,0,0,0,0,0,0,0,0,0,0,0,0,0,0,0
1.3,0.3,0.281,0.4,0.1,3000,1500,0.04,0,0,0,0,0,0,0,0,0,0,0,0,0,0,0,0,0,0,0,0,0,0,0,0,0,0
0.7,0.5,0.281,0.4,0.1,3000,1500,0.04,0,0.7118106595608258,0.48337396288156165,1.0264880673722199,1.0022736684745746,1.0148208302510688,0.4950128091851194,0.1754888192801204,1.0192350782155786,0.9986527555461555,1.002851001314016,0.29295541349874393,0.2060866350681907,0.3878495001487276,0.9990861098183502,1.0053867179497822,0.46489473376052365,0.08001390769730073,0.954954711024585,1.0025419562971805,1.0150475867469804,0.046489473376052366,0.008001390769730072,0.09549547110245848,1.0025419562971805,1.0150475867469804
0.9,0.5,0.281,0.4,0.1,3000,1500,0.04,0,0.8842429837050466,0.6985485715396337,1.1605081027279447,0.9990379808925166,1.0060115556576694,0.56458701423122,0.2659037045545202,1.005485611815613,0.9995444172301576,1.004514334720658,0.28689188617800115,0.20206017118786732,0.3823335082101638,0.9991825345730497,1.0020777974676456,0.5313194415777529,0.0887646260137389,0.9733106326195026,0.9994383487471495,1.0053606523083496,0.05313194415777529,0.008876462601373888,0.09733106326195025,0.9994383487471495,1.0053606523083496
1.1,0.5,0.281,0.4,0.1,3000,1500,0.04,0,0,0,0,0,0,0,0,0,0,0,0,0,0,0,0,0,0,0,0,0,0,0,0,0,0
1.3,0.5,0.281,0.4,0.1,3000,1500,0.04,0,0,0,0,0,0,0,0,0,0,0,0,0,0,0,0,0,0,0,0,0,0,0,0,0,0
0.7,0.1,0.281,0.6,0.1,3000,1500,0.06,0,0.7255818761507996,0.605827265756841,0.8945703333713237,1.0017948174126163,1.0117772706121235,0.14877666813664106,0.07697600856089984,0.2576938452229602,0.999865623829115,1.0045657141615898,0.2925423276808164,0.20624010985512511,0.38943018983490574,0.9990366799235896,1.0076249265949178,0.7295760442097371,0.2939174948334513,0.9913636635568598,1.0014980764184265,1.0039964946108593,0.07295760442097371,0.02939174948334513,0.09913636635568598,1.0014980764184265,1.0039964946108593
0.9,0.1,0.281,0.6,0.1,3000,1500,0.06,0,0.914024641779011,0.7847384382690482,1.077147743858507,0.99974670103717,1.0066329029001497,0.1340654881297355,0.07186742776607911,0.21550335857290687,1.0030962745094998,1.0057676832406486,0.2868941827927029,0.20320708736875467,0.38155385031725714,1.0009840493476427,1.007361807487071,0.7589725097330661,0.3361140314265774,0.990415709965394,1.0004749872262333,1.0082851205247838,0.07589725097330662,0.033611403142657745,0.0990415709965394,1.0004749872262333,1.0082851205247838
1.1,0.1,0.281,0.6,0.1,3000,1500,0.06,0,0,0,0,0,0,0,0,0,0,0,0,0,0,0,0,0,0,0,0,0,0,0,0,0,0
1.3,0.1,0.281,0.6,0.1,3000,1500,0.06,0,0,0,0,0,0,0,0,0,0,0,0,0,0,0,0,0,0,0,0,0,0,0,0,0,0
0.7,0.3,0.281,0.6,0.1,3000,1500,0.06,0,0.785675220619646,0.6007900897305803,1.061838583344686,1.0025018990730588,1.0108525339053391,0.4381565426898892,0.16940794846477572,0.860900110439241,1.0000417984482086,1.0017877786996536,0.29138927657409097,0.20469734983245833,0.3860041875200877,0.9995443342723146,1.006854806375661,0.5452003103352147,0.10793791821894391,0.9760001660572103,1.0025704752362863,1.0057951303360229,0.05452003103352146,0.010793791821894393,0.09760001660572104,1.0025704752362863,1.005795130336023
0.9,0.3,0.281,0.6,0.1,3000,1500,0.06,0,0.9190395298496151,0.765936876553617,1.1362239737946886,1.0011691824845537,1.0130122631070628,0.33812697802176483,0.16113455038303215,0.6201975466451332,0.9989381695153943,1.0034893907213824,0.2861976403593793,0.19877845842457123,0.3811145874735248,1.0014457164905652,1.0088713978480033,0.6351763173524441,0.1508727882205374,0.9833251949432467,1.0000985279100367,1.0053399177703364,0.06351763173524441,0.015087278822053738,0.09833251949432466,1.0000985279100367,1.0053399177703364
1.1,0.3,0.281,0.6,0.1,3000,1500,0.06,0,0,0,0,0,0,0,0,0,0,0,0,0,0,0,0,0,0,0,0,0,0,0,0,0,0
1.3,0.3,0.281,0.6,0.1,3000,1500,0.06,0,0,0,0,0,0,0,0,0,0,0,0,0,0,0,0,0,0,0,0,0,0,0,0,0,0
0.7,0.5,0.281,0.6,0.1,3000,1500,0.06,0,0.7744171664165047,0.5627727117959643,1.0799820101766522,0.9985923364867719,1.0062167521063639,0.505334087812932,0.17636176211291058,1.03797929739144,0.9990646691252164,1.001889264118286,0.2908616618131813,0.20306791734096483,0.3900591382191791,0.9993164071656478,1.0055213639934664,0.5003870502555214,0.08527479909213051,0.9684109657610822,0.9991812489059414,1.004473215948177,0.050038705025552146,0.008527479909213051,0.09684109657610825,0.9991812489059414,1.004473215948177
0.9,0.5,0.281,0.6,0.1,3000,1500,0.06,0,0.9239030872649627,0.7505819576932732,1.174607779595307,0.999349628517403,1.0045022403437982,0.5116009161199809,0.21208852250664617,0.9958971060221005,0.9999992515489748,1.0024073956648427,0.28501083375436104,0.19922391164553865,0.3763843561568388,1.0003732914872439,1.0037110236395528,0.5763219147176095,0.10846616365041516,0.9801939768483487,1.0021204874042169,1.0039041677204994,0.057632191471760956,0.010846616365041516,0.09801939768483489,1.0021204874042169,1.0039041677204994
1.1,0.5,0.281,0.6,0.1,3000,1500,0.06,0,0,0,0,0,0,0,0,0,0,0,0,0,0,0,0,0,0,0,0,0,0,0,0,0,0
1.3,0.5,0.281,0.6,0.1,3000,1500,0.06,0,0,0,0,0,0,0,0,0,0,0,0,0,0,0,0,0,0,0,0,0,0,0,0,0,0
0.7,0.1,0.281,0.8,0.1,3000,1500,0.08,0,0.7395429774427273,0.6223536323746458,0.8922070413747741,0.9999487511946872,1.0064345890292041,0.11962869971338586,0.05928625159142555,0.2012483533176219,1.0001757453696623,1.0035922874104086,0.2928638822312643,0.20548290786166226,0.38659052158250456,0.999112914966771,1.005170453505487,0.7528021069684673,0.33987519323762655,0.9915750453072452,1.0004286710538925,1.0091474577836037,0.07528021069684673,0.033987519323762656,0.09915750453072453,1.0004286710538925,1.0091474577836037
0.9,0.1,0.281,0.8,0.1,3000,1500,0.08,0,0.9230175821695545,0.7971346239238987,1.0837180860958795,1.0029992255107647,1.0144613578646828,0.10938964485592964,0.05346950386458282,0.199612812599508,1.000243783711577,1.0085204106122734,0.2873368927161547,0.20303929847394248,0.3810218305118194,1.0056840115352443,1.0079995577204044,0.7702053788224599,0.36645891246048196,0.9891226732523981,1.0006948977799572,1.009449743387501,0.07702053788224598,0.0366458912460482,0.09891226732523982,1.0006948977799572,1.009449743387501
1.1,0.1,0.281,0.8,0.1,3000,1500,0.08,0,0,0,0,0,0,0,0,0,0,0,0,0,0,0,0,0,0,0,0,0,0,0,0,0,0
1.3,0.1,0.281,0.8,0.1,3000,1500,0.08,0,0,0,0,0,0,0,0,0,0,0,0,0,0,0,0,0,0,0,0,0,0,0,0,0,0
0.7,0.3,0.281,0.8,0.1,3000,1500,0.08,0,0.8100920648970644,0.6403723128715099,1.0723253424704229,0.9990090117547283,1.007274288360074,0.3954415138775303,0.14826937647436464,0.7720631582977595,0.9991222867176885,1.0039471725513538,0.2884842427294905,0.20283766340418155,0.3816572587015329,0.9990504386922853,1.002110313886814,0.5834394011317201,0.11781139837681849,0.9823126380703183,1.001296280848559,1.0043464245699545,0.05834394011317202,0.01178113983768185,0.09823126380703183,1.001296280848559,1.0043464245699545
0.9,0.3,0.281,0.8,0.1,3000,1500,0.08,0,0.9576513373997285,0.8112027889428871,1.1538192329011197,1.0003582799254334,1.0006195865642038,0.3382896849620936,0.159765651027805,0.6024643225624131,1.0003315442860914,1.0053455105802034,0.28473823115908764,0.20058896005560725,0.3740097938971241,0.9992760286703817,1.0018476902865427,0.6485414497890903,0.1765158720719175,0.9868805128747673,0.9991597095906061,1.0042086583939038,0.06485414497890904,0.01765158720719175,0.09868805128747674,0.9991597095906061,1.0042086583939038
1.1,0.3,0.281,0.8,0.1,3000,1500,0.08,0,0,0,0,0,0,0,0,0,0,0,0,0,0,0,0,0,0,0,0,0,0,0,0,0,0
1.3,0.3,0.281,0.8,0.1,3000,1500,0.08,0,0,0,0,0,0,0,0,0,0,0,0,0,0,0,0,0,0,0,0,0,0,0,0,0,0
0.7,0.5,0.281,0.8,0.1,3000,1500,0.08,0,0.8222903468167179,0.6340655135496862,1.1054257580622604,1.000826735785636,1.0092140294283647,0.4998316848760084,0.2196187055140391,0.9457427559103553,1.0009726424859628,1.0070682705411007,0.28913008503573284,0.20410704965765214,0.38218960911370203,0.9991900182676309,1.0043442252370436,0.5297055474870821,0.0873081833377719,0.97362583215677,1.0013002559098885,1.0154624091718913,0.05297055474870821,0.008730818333777191,0.097362583215677,1.0013002559098885,1.0154624091718913
0.9,0.5,0.281,0.8,0.1,3000,1500,0.08,0,0.970645813166151,0.8093809878333544,1.190756140818535,0.9999780288560057,1.0094976592213971,0.45861898581445765,0.22384097941831593,0.7849553752402305,1.0002681035875185,1.0041133207899633,0.28365727542267405,0.19856436627825905,0.37655605936963676,1.0000974482763967,1.0022075161058588,0.5919831855559449,0.11726200570355322,0.9820417473980566,1.0004715350498907,1.0095824229913295,0.05919831855559449,0.011726200570355323,0.09820417473980567,1.0004715350498907,1.0095824229913295
1.1,0.5,0.281,0.8,0.1,3000,1500,0.08,0,0,0,0,0,0,0,0,0,0,0,0,0,0,0,0,0,0,0,0,0,0,0,0,0,0
1.3,0.5,0.281,0.8,0.1,3000,1500,0.08,0,0,0,0,0,0,0,0,0,0,0,0,0,0,0,0,0,0,0,0,0,0,0,0,0,0
0.7,0.1,0.281,0.1,0.3,3000,1500,0.03,0,0.5663163880374198,0.3769763712182428,0.8597915808567047,1.001282988192945,1.008593975435042,0.26980126422232575,0.11485700482807858,0.5352544795952896,0.9984856155459738,1.0038178805580933,0.29759474805007313,0.21059968638389773,0.3917674128085301,0.9992715216059507,1.0038473027164256,0.45618767437439084,0.09281235743632814,0.9449257123594872,1.0005474648392976,1.012588240233153,0.13685630231231724,0.02784370723089844,0.2834777137078462,1.0005474648392976,1.0125882402331527
0.9,0.1,0.281,0.1,0.3,3000,1500,0.03,0,0.7054234386781308,0.5651863886005326,0.9008627164374119,1.00487675856498,1.0116084388180098,0.2420841767738373,0.13359781556460054,0.3609926204838377,1.0013801486231884,1.0066167935810155,0.2917056312104447,0.2049033838051108,0.38618959371845774,1.0011743724227244,1.0083670578331456,0.6163415319057974,0.17039305475891914,0.9776975679763656,1.001387124482217,1.0117735467207045,0.1849024595717392,0.05111791642767574,0.29330927039290966,1.001387124482217,1.0117735467207045
1.1,0.1,0.281,0.1,0.3,3000,1500,0.03,0,0,0,0,0,0,0,0,0,0,0,0,0,0,0,0,0,0,0,0,0,0,0,0,0,0
1.3,0.1,0.281,0.1,0.3,3000,1500,0.03,0,0,0,0,0,0,0,0,0,0,0,0,0,0,0,0,0,0,0,0,0,0,0,0,0,0
0.7,0.3,0.281,0.1,0.3,3000,1500,0.03,0,0.6240877906588551,0.33123459346082845,0.911797586904752,1.000230021138289,1.0080568144129318,0.5359174421926135,0.21781788557011048,1.0287324752603095,1.000532343822451,1.003239940566155,0.2968421081761842,0.20799837836822813,0.39364691110649414,0.9999513152375944,1.0060050714416084,0.2304625814191447,0.05556671205914989,0.7104170697168453,0.9998876841644048,1.0090125041978948,0.0691387744257434,0.016670013617744967,0.2131251209150536,0.9998876841644048,1.009012504197895
0.9,0.3,0.281,0.1,0.3,3000,1500,0.03,0,0.7240581640816109,0.48008808578086176,1.0313256994719768,0.9995413504814981,1.0087287113441974,0.5549260841326826,0.27340354887804447,0.969030629118938,1.0011417801907185,1.0038881749271804,0.2922833183778447,0.20522750713048715,0.387320470132786,1.000184703439119,1.0047605270965572,0.3968019802588145,0.06871013251686998,0.9370546209967776,1.0010701216186988,1.0102337792818272,0.11904059407764435,0.020613039755060993,0.28111638629903324,1.0010701216186988,1.0102337792818272
1.1,0.3,0.281,0.1,0.3,3000,1500,0.03,0,0,0,0,0,0,0,0,0,0,0,0,0,0,0,0,0,0,0,0,0,0,0,0,0,0
1.3,0.3,0.281,0.1,0.3,3000,1500,0.03,0,0,0,0,0,0,0,0,0,0,0,0,0,0,0,0,0,0,0,0,0,0,0,0,0,0
0.7,0.5,0.281,0.1,0.3,3000,1500,0.03,0,0.6232289102579297,0.3401947434388835,0.8894596184577063,1.000616974338958,1.005782014607332,0.6487574574930287,0.273508609616585,1.1991064695003437,0.9996079053283362,1.0030191749180883,0.2947059007274668,0.20537277072902343,0.39028457049962206,0.9991554506237684,1.0054650281470119,0.19546318151899764,0.053854852707337725,0.5883439418822162,0.9998133834689994,1.0057235760985173,0.05863895445569929,0.016156455812201317,0.17650318256466485,0.9998133834689994,1.0057235760985173
0.9,0.5,0.281,0.1,0.3,3000,1500,0.03,0,0.7077442173664172,0.4540815299470732,1.013404601827446,1.0011439305948562,1.008292677869632,0.5890830078451662,0.27781130069824767,1.096924638064874,1.0004612458049122,1.0094169823700827,0.2931451870173464,0.2052415004218877,0.3893721136744474,0.9994433102706156,1.0012687078098972,0.36137742740903916,0.06406771894755843,0.9059995613794278,1.004114714531613,1.0061555856801598,0.10841322822271174,0.01922031568426753,0.27179986841382836,1.004114714531613,1.0061555856801598
1.1,0.5,0.281,0.1,0.3,3000,1500,0.03,0,0,0,0,0,0,0,0,0,0,0,0,0,0,0,0,0,0,0,0,0,0,0,0,0,0
1.3,0.5,0.281,0.1,0.3,3000,1500,0.03,0,0,0,0,0,0,0,0,0,0,0,0,0,0,0,0,0,0,0,0,0,0,0,0,0,0
0.7,0.1,0.281,0.2,0.3,3000,1500,0.06,0,0.5771049983360579,0.45333750917970744,0.7663315427092661,1.0008686360979662,1.0110514249296008,0.17684965050607745,0.0921797261087689,0.29859631738946163,1.0005289972268392,1.0047904256514277,0.29717148419071365,0.20870739510254271,0.39482374746337523,0.9993161222448179,1.0057203864663582,0.6135098096445394,0.18139922380790194,0.978461798562128,0.9992901276820889,1.006928110991774,0.18405294289336183,0.054419767142370574,0.29353853956863835,0.9992901276820888,1.0069281109917743
0.9,0.1,0.281,0.2,0.3,3000,1500,0.06,0,0.7830458797374504,0.6534373018170399,0.9659548160197692,1.002208788010389,1.0089205745167722,0.20012531316526386,0.11496108599679529,0.3067722471382826,1.0015106272260108,1.0111594765436998,0.29164343182874236,0.20453992525369075,0.38558526938818066,1.001552874469268,1.010258213921666,0.6788528850914676,0.23261004031414628,0.9871346107753289,1.0022750253560186,1.0092916070005593,0.20365586552744025,0.06978301209424387,0.29614038323259867,1.0022750253560186,1.0092916070005593
1.1,0.1,0.281,0.2,0.3,3000,1500,0.06,0,0,0,0,0,0,0,0,0,0,0,0,0,0,0,0,0,0,0,0,0,0,0,0,0,0
1.3,0.1,0.281,0.2,0.3,3000,1500,0.06,0,0,0,0,0,0,0,0,0,0,0,0,0,0,0,0,0,0,0,0,0,0,0,0,0,0
0.7,0.3,0.281,0.2,0.3,3000,1500,0.06,0,0.6210207981040939,0.4032100631708312,0.928188328928914,1.000814804555072,1.008545987111155,0.36109964355161256,0.14689078137712258,0.7295242260004432,0.9998174844991153,1.004570565883189,0.2961522367851151,0.20948653509768983,0.39146261595672616,0.9992983200646992,1.0025415306635581,0.40899706298938593,0.07403885010726265,0.9208881230902849,1.0004219920569881,1.0093528164304026,0.12269911889681577,0.022211655032178795,0.27626643692708547,1.0004219920569881,1.0093528164304026
0.9,0.3,0.281,0.2,0.3,3000,1500,0.06,0,0.7831069246990913,0.5979346075264468,1.0582555072683162,1.000349475095021,1.0109801731205619,0.43109876360292054,0.21714914255799503,0.754803008914288,1.0007843535962535,1.0109440031797436,0.2907763230417566,0.20238584570979265,0.384070872047226,1.0006162120978948,1.0030860938518846,0.5226938336373119,0.09301340864216519,0.9701659203174221,1.0004600305803435,1.0122397931918432,0.15680815009119356,0.02790402259264956,0.29104977609522664,1.0004600305803435,1.0122397931918432
1.1,0.3,0.281,0.2,0.3,3000,1500,0.06,0,0,0,0,0,0,0,0,0,0,0,0,0,0,0,0,0,0,0,0,0,0,0,0,0,0
1.3,0.3,0.281,0.2,0.3,3000,1500,0.06,0,0,0,0,0,0,0,0,0,0,0,0,0,0,0,0,0,0,0,0,0,0,0,0,0,0
0.7,0.5,0.281,0.2,0.3,3000,1500,0.06,0,0.671300887679756,0.399487040138087,0.9799911671346666,0.9989254504054652,1.0059611298473592,0.5520513387792255,0.24197421156856144,1.0286617898350832,0.9986283472194439,1.008143018313633,0.2940032647025234,0.20671351898547732,0.39188849952025906,0.99991910159359,1.002446590692188,0.31574639210955824,0.060018909522004484,0.8682048833356609,1.0005585290764585,1.008091176306546,0.09472391763286747,0.018005672856601346,0.2604614650006983,1.0005585290764585,1.008091176306546
0.9,0.5,0.281,0.2,0.3,3000,1500,0.06,0,0.760678211294884,0.5608273838761478,1.054025629701803,0.9994531542228835,1.0034455475936632,0.49938742497440397,0.2636120412803949,0.8443159131420922,1.0002553769435956,1.002747710891861,0.2913689638882844,0.2069731223274919,0.38167962927957627,1.0000680709944982,1.0045424470377862,0.4928946768854711,0.08378905027917416,0.9633030972052687,1.0002857347316572,1.005468017213068,0.14786840306564134,0.02513671508375225,0.28899092916158065,1.0002857347316572,1.005468017213068
1.1,0.5,0.281,0.2,0.3,3000,1500,0.06,0,0,0,0,0,0,0,0,0,0,0,0,0,0,0,0,0,0,0,0,0,0,0,0,0,0
1.3,0.5,0.281,0.2,0.3,3000,1500,0.06,0,0,0,0,0,0,0,0,0,0,0,0,0,0,0,0,0,0,0,0,0,0,0,0,0,0
0.7,0.1,0.281,0.4,0.3,3000,1500,0.12,0,0.6625885826607841,0.5468120799243724,0.818160130792838,1.0014385407024664,1.0086438234981927,0.14224400649098018,0.08039076847155428,0.2156424320808096,1.00257925268854,1.0056624084344226,0.2939437972855399,0.20515780110446902,0.38967876947432123,1.0013170110501082,1.0037080120384458,0.6991261797566495,0.2725678684181238,0.9876517238164448,1.0014864741986622,1.0083331417311767,0.20973785392699482,0.08177036052543714,0.2962955171449334,1.0014864741986622,1.008333141731177
0.9,0.1,0.281,0.4,0.3,3000,1500,0.12,0,0.8634807600127479,0.7469656076672774,1.0107506137879956,1.0023238868353532,1.008329636207491,0.15444799477116816,0.09554473148498911,0.22427321138698345,1.0013589766643867,1.0074775348885312,0.2880192250667481,0.20279912405849523,0.3810160778785694,0.9992345958634832,1.0050752758447874,0.7317857711854922,0.31851550825491703,0.989336853114764,1.003721559501772,1.0088171526729852,0.21953573135564763,0.09555465247647511,0.29680105593442924,1.003721559501772,1.0088171526729852
1.1,0.1,0.281,0.4,0.3,3000,1500,0.12,0,0,0,0,0,0,0,0,0,0,0,0,0,0,0,0,0,0,0,0,0,0,0,0,0,0
1.3,0.1,0.281,0.4,0.3,3000,1500,0.12,0,0,0,0,0,0,0,0,0,0,0,0,0,0,0,0,0,0,0,0,0,0,0,0,0,0
0.7,0.3,0.281,0.4,0.3,3000,1500,0.12,0,0.7149687507074672,0.5346200478044287,0.9804617977678954,1.0020985041620314,1.011957636989294,0.3740209378713186,0.19096782870077464,0.6301863738993367,0.9992637026436735,1.0080563917486687,0.29179196870052954,0.20433033813720916,0.3899844501984469,1.0003934435829736,1.0024042184047781,0.5112936038389194,0.10344707260607072,0.970223383937914,1.0030240845279066,1.0127804824619562,0.15338808115167582,0.031034121781821217,0.2910670151813742,1.0030240845279066,1.0127804824619562
0.9,0.3,0.281,0.4,0.3,3000,1500,0.12,0,0.8633540559926575,0.7147675854089226,1.070703255330288,1.0013803089052293,1.0059294426848178,0.32899063168340376,0.18711560472990638,0.4751203334171364,1.0024715044160009,1.0082472948040093,0.2886611818284399,0.20125576826652727,0.38081600321918113,1.0003161396644342,1.0037317204725844,0.60446539764707,0.1460745538426866,0.9784306306838941,1.0016897279519972,1.0081658889222185,0.18133961929412096,0.043822366152805985,0.29352918920516824,1.0016897279519972,1.0081658889222185
1.1,0.3,0.281,0.4,0.3,3000,1500,0.12,0,0,0,0,0,0,0,0,0,0,0,0,0,0,0,0,0,0,0,0,0,0,0,0,0,0
1.3,0.3,0.281,0.4,0.3,3000,1500,0.12,0,0,0,0,0,0,0,0,0,0,0,0,0,0,0,0,0,0,0,0,0,0,0,0,0,0
0.7,0.5,0.281,0.4,0.3,3000,1500,0.12,0,0.7270269800134639,0.504462759383601,1.0341216327481615,1.00015563826791,1.0149167425154915,0.509398514405895,0.2646318710274382,0.8629262224655766,0.999336776166336,1.005093764891603,0.29233607255158967,0.20602565127479683,0.38838893432474236,0.9998450500548486,1.0123232205025223,0.43724499185387783,0.07311566393889612,0.9501895144839663,1.0025666613798243,1.0104306151167954,0.13117349755616334,0.021934699181668838,0.28505685434518985,1.0025666613798243,1.0104306151167954
0.9,0.5,0.281,0.4,0.3,3000,1500,0.12,0,0.8747077154546254,0.6949040023747783,1.1336269205783531,1.0048251085618483,1.0139482646609137,0.5034890113472471,0.29201231832948094,0.7679262081578188,0.9985922233450499,1.010233560875476,0.28810000948219744,0.20299591642020604,0.38043659687138437,0.999641014303823,1.0080034097462347,0.540503521563639,0.09681836873898719,0.9795026353849873,1.0032662175265668,1.0173181446303312,0.1621510564690917,0.029045510621696153,0.2938507906154962,1.0032662175265668,1.0173181446303312
1.1,0.5,0.281,0.4,0.3,3000,1500,0.12,0,0,0,0,0,0,0,0,0,0,0,0,0,0,0,0,0,0,0,0,0,0,0,0,0,0
1.3,0.5,0.281,0.4,0.3,3000,1500,0.12,0,0,0,0,0,0,0,0,0,0,0,0,0,0,0,0,0,0,0,0,0,0,0,0,0,0
0.7,0.1,0.281,0.6,0.3,3000,1500,0.18,0,0.6929781060658022,0.5885469760465848,0.8257223773676433,1.0012792092261564,1.0030990651302416,0.11621901729824624,0.06776002634294437,0.1883486120904182,1.0006467415609928,1.0022474606963796,0.29307875395049077,0.20602729423493008,0.38723523564294643,0.9994451446168642,1.0033647032038802,0.746657825626303,0.3262354259014769,0.9892273511306898,1.000536773889167,1.0059784013987785,0.2239973476878909,0.09787062777044309,0.29676820533920695,1.000536773889167,1.0059784013987785
0.9,0.1,0.281,0.6,0.3,3000,1500,0.18,0,0.8980109388745066,0.7803565435595979,1.0526490063085785,1.0005550441733226,1.0022827203934097,0.12037641886967843,0.06844745444123787,0.1648208462763211,0.99983254285845935,1.0086806077667558,0.28614747288509584,0.19997282324875892,0.3814014702285655,0.9998442910095321,1.004690748737638,0.7310763724181871,0.2888842760675778,0.989207919797676,0.9992395949160893,1.0107323419336647,0.21932291172545612,0.08666528282027336,0.2967623759393028,0.9992395949160893,1.0107323419336647
1.1,0.1,0.281,0.6,0.3,3000,1500,0.18,0,0,0,0,0,0,0,0,0,0,0,0,0,0,0,0,0,0,0,0,0,0,0,0,0,0
1.3,0.1,0.281,0.6,0.3,3000,1500,0.18,0,0,0,0,0,0,0,0,0,0,0,0,0,0,0,0,0,0,0,0,0,0,0,0,0,0
0.7,0.3,0.281,0.6,0.3,3000,1500,0.18,0,0.7447487617636612,0.5891624429278732,0.9856632980160017,1.0002133472694434,1.0050988876307743,0.3058977513090611,0.17057170547245842,0.4676239284704759,1.0003084738788561,1.0041819084143704,0.2922684286876049,0.2049760518255708,0.38525928266787235,1.0020036800268095,1.0048953058387131,0.5799279739832266,0.1383386954211102,0.9721437234528244,1.0003325319622978,1.0046866304330786,0.17397839219496797,0.04150160862633306,0.29164311703584733,1.0003325319622978,1.0046866304330786
0.9,0.3,0.281,0.6,0.3,3000,1500,0.18,0,0.928163507374881,0.7841413381402966,1.1290615976195526,0.9992199793831628,1.0029568219303722,0.3446501816149059,0.19307676160662005,0.5422641814387341,1.0005373439131606,1.0102766044891178,0.28663182053383107,0.20101020714008197,0.3817212992637476,1.0022739430957912,1.005928159558166,0.6294033261925492,0.15746404096915198,0.9827213048670956,1.0026947253837986,1.0061247630933727,0.18882099785776477,0.04723921229074559,0.2948163914601287,1.0026947253837986,1.0061247630933727
1.1,0.3,0.281,0.6,0.3,3000,1500,0.18,0,0,0,0,0,0,0,0,0,0,0,0,0,0,0,0,0,0,0,0,0,0,0,0,0,0
1.3,0.3,0.281,0.6,0.3,3000,1500,0.18,0,0,0,0,0,0,0,0,0,0,0,0,0,0,0,0,0,0,0,0,0,0,0,0,0,0
0.7,0.5,0.281,0.6,0.3,3000,1500,0.18,0,0.7846539910133965,0.5840148436558285,1.0713458076148263,1.0010055720097093,1.0062816060170534,0.4871198441903282,0.2665769589408643,0.7908549331349634,0.9986252102150507,1.005994863845504,0.29012057297590715,0.20345117777979488,0.38594839034825446,0.9996358782075933,1.004725623162936,0.48039223999092245,0.07930372241363276,0.9635756270494421,1.0001147026437884,1.0095199731042113,0.14411767199727674,0.023791116724089827,0.28907268811483267,1.0001147026437884,1.0095199731042113
0.9,0.5,0.281,0.6,0.3,3000,1500,0.18,0,0.9397395681488242,0.7729077724208518,1.174179626890192,1.002133098650989,1.0071754563333104,0.4980619963820893,0.28239808201280053,0.7528814888658104,1.0000130569426304,1.0048592515234982,0.2852899203308834,0.20248325673561177,0.37436011232589445,1.0012723982401972,1.003747267894842,0.5518282551754726,0.105526557452255,0.973422121776045,1.000634946951723,1.004588077052592,0.1655484765526418,0.0316579672356765,0.2920266365328135,1.000634946951723,1.0045880770525917
1.1,0.5,0.281,0.6,0.3,3000,1500,0.18,0,0,0,0,0,0,0,0,0,0,0,0,0,0,0,0,0,0,0,0,0,0,0,0,0,0
1.3,0.5,0.281,0.6,0.3,3000,1500,0.18,0,0,0,0,0,0,0,0,0,0,0,0,0,0,0,0,0,0,0,0,0,0,0,0,0,0
0.7,0.1,0.281,0.8,0.3,3000,1500,0.24,0,0.7303396703682523,0.6140688314593706,0.8733203975746308,1.0013294008094202,1.0062391603978482,0.10155512256546499,0.05857844230494886,0.13985535314415606,1.0005591808280068,1.0088246251856072,0.29268488705357903,0.20492804889130667,0.3912773361928984,0.9991601479487331,1.003437463227232,0.7390648209512951,0.3126427484791093,0.9903220105457078,1.0012469989332595,1.010223686257414,0.2217194462853885,0.09379282454373279,0.2970966031637124,1.0012469989332595,1.010223686257414
0.9,0.1,0.281,0.8,0.3,3000,1500,0.24,0,0.9259744490931643,0.8023733365078229,1.082746678384113,1.000093062275892,1.014165871675069,0.10451324475303118,0.06563344515853081,0.13931219309219892,1.0010949391269786,1.0069607318585383,0.2859533468133364,0.20219713675812645,0.3763890388881683,1.002546630398081,1.0127080376188216,0.7747209947701083,0.3710733261057567,0.9930177030683586,1.0011092281278908,1.00832184047296,0.23241629843103245,0.11132199783172703,0.29790531092050754,1.001109228127891,1.00832184047296
1.1,0.1,0.281,0.8,0.3,3000,1500,0.24,0,0,0,0,0,0,0,0,0,0,0,0,0,0,0,0,0,0,0,0,0,0,0,0,0,0
1.3,0.1,0.281,0.8,0.3,3000,1500,0.24,0,0,0,0,0,0,0,0,0,0,0,0,0,0,0,0,0,0,0,0,0,0,0,0,0,0
0.7,0.3,0.281,0.8,0.3,3000,1500,0.24,0,0.7860145066748486,0.6328680224138866,1.0176666597438164,1.0020643704876566,1.0155226736703495,0.31879660432630524,0.16380229813852368,0.5707180022453832,1.001640176042486,1.0051405949946366,0.2898413002370544,0.20641615023749912,0.38213610474547405,1.0002066408526389,1.002452735355568,0.6038125048525371,0.14695745360066248,0.9792913893174349,1.0009074717967872,1.0145643503989352,0.18114375145576112,0.044087236080198745,0.29378741679523046,1.0009074717967872,1.0145643503989352
0.9,0.3,0.281,0.8,0.3,3000,1500,0.24,0,0.9425458486504867,0.8067039049270575,1.1212346903238666,1.0044132518985147,1.0195398334768322,0.2966894274953456,0.18226374590836342,0.41563851340913505,1.0003264847652278,1.0067977349457553,0.28516600203223086,0.20077021215177823,0.37750408076589076,1.0022014439817772,1.0184429937013892,0.6706166992111663,0.21081645547741434,0.9865376786005767,1.003529386136307,1.0073576774077164,0.20118500976334988,0.0632449366432243,0.29596130358017303,1.003529386136307,1.0073576774077164
1.1,0.3,0.281,0.8,0.3,3000,1500,0.24,0,0,0,0,0,0,0,0,0,0,0,0,0,0,0,0,0,0,0,0,0,0,0,0,0,0
1.3,0.3,0.281,0.8,0.3,3000,1500,0.24,0,0,0,0,0,0,0,0,0,0,0,0,0,0,0,0,0,0,0,0,0,0,0,0,0,0
0.7,0.5,0.281,0.8,0.3,3000,1500,0.24,0,0.8258754544203907,0.6415003962379764,1.0980770857096949,1.0016861991554786,1.0086292562529426,0.5019517540860889,0.2737597179636382,0.8040682627530961,0.9993075140994444,1.0041023252355081,0.2897632091731064,0.2047203520895074,0.38387900741441294,1.0011370601393625,1.004540102095846,0.512897678987788,0.08785955376774865,0.969015928949367,1.0013604433370935,1.0073051269280384,0.1538693036963364,0.026357866130324592,0.2907047786848101,1.0013604433370935,1.0073051269280386
0.9,0.5,0.281,0.8,0.3,3000,1500,0.24,0,0.9671374672021493,0.8104444825442614,1.1803874650643016,0.9994073851142589,1.007666631628323,0.45970882646042266,0.2894633657507714,0.6461875660772761,1.0021685460388348,1.0044580980581357,0.2856151474532861,0.19695258568796004,0.3798158957587375,1.0010290594415805,1.002835254972375,0.6063789862147382,0.14383791496228546,0.9814452142394735,0.9998128156427286,1.0078374629092188,0.18191369586442147,0.04315137448868564,0.29443356427184203,0.9998128156427285,1.0078374629092188
1.1,0.5,0.281,0.8,0.3,3000,1500,0.24,0,0,0,0,0,0,0,0,0,0,0,0,0,0,0,0,0,0,0,0,0,0,0,0,0,0
1.3,0.5,0.281,0.8,0.3,3000,1500,0.24,0,0,0,0,0,0,0,0,0,0,0,0,0,0,0,0,0,0,0,0,0,0,0,0,0,0
0.7,0.1,0.281,0.1,0.5,3000,1500,0.05,0,0.5479423481081085,0.36934220803697715,0.8010003956449832,1.0007715890261197,1.0090326573583472,0.2471500337881889,0.1191990993355044,0.42314639979917196,0.9992988508393146,1.0069539183299847,0.29938885143250554,0.2077460548886137,0.39758258982085454,0.9987101618787924,1.0056061825631053,0.45033836497546487,0.0953779841002626,0.9443954470885877,1.0034256896718883,1.0138984860734126,0.22516918248773243,0.0476889920501313,0.47219772354429385,1.0034256896718883,1.0138984860734126
0.9,0.1,0.281,0.1,0.5,3000,1500,0.05,0,0.7284195177813004,0.5893693513180147,0.940701477314617,1.0026612778549386,1.0123984961952968,0.24487998974375588,0.13747660303690729,0.3662475256427666,1.0051254318483285,1.009505089316992,0.29196923365891203,0.20773601163981267,0.38604848092290744,0.9991722421778759,1.0067810940212882,0.6071716793384502,0.15838681642676727,0.9791953278816242,1.0052628190977881,1.0107611784918862,0.3035858396692251,0.07919340821338364,0.4895976639408121,1.0052628190977881,1.0107611784918862
1.1,0.1,0.281,0.1,0.5,3000,1500,0.05,0,0,0,0,0,0,0,0,0,0,0,0,0,0,0,0,0,0,0,0,0,0,0,0,0,0
1.3,0.1,0.281,0.1,0.5,3000,1500,0.05,0,0,0,0,0,0,0,0,0,0,0,0,0,0,0,0,0,0,0,0,0,0,0,0,0,0
0.7,0.3,0.281,0.1,0.5,3000,1500,0.05,0,0.592152580592445,0.33651263994617614,0.8704923998227809,0.9996464159355032,1.0081102454113833,0.39682905487381287,0.1667172644334277,0.7522996683713052,1.0000607408521953,1.0051056123237716,0.2975376542017623,0.21028375104096955,0.3934703486502748,1.0000799024198155,1.0041707646214595,0.25630943069637185,0.05868480384859135,0.7357963475539311,0.9998949041698989,1.0119594384256074,0.12815471534818593,0.029342401924295675,0.36789817377696554,0.9998949041698989,1.0119594384256074
0.9,0.3,0.281,0.1,0.5,3000,1500,0.05,0,0.6894979351527124,0.47739951163518374,0.9793621124267617,0.9997703919729978,1.0130598946926828,0.4270568502586493,0.23471419925304063,0.6857857460939996,0.9999309460229467,1.0062867028254368,0.29399463079168064,0.20563403878528805,0.3882798095891168,1.0007727157133968,1.0044172596460113,0.44216681168553734,0.08098902845897736,0.944614989622641,1.0000360087398186,1.0130735426664725,0.22108340584276867,0.04049451422948868,0.4723074948113205,1.0000360087398186,1.0130735426664725
1.1,0.3,0.281,0.1,0.5,3000,1500,0.05,0,0,0,0,0,0,0,0,0,0,0,0,0,0,0,0,0,0,0,0,0,0,0,0,0,0
1.3,0.3,0.281,0.1,0.5,3000,1500,0.05,0,0,0,0,0,0,0,0,0,0,0,0,0,0,0,0,0,0,0,0,0,0,0,0,0,0
0.7,0.5,0.281,0.1,0.5,3000,1500,0.05,0,0.6111908298181978,0.3313249881382717,0.8685197796298842,1.0000358521982562,1.0088254406689015,0.5360121024170035,0.2430503143881662,0.993596995576295,0.9995154344006995,1.0016639949044144,0.2956480335653258,0.20880329544243564,0.3904226147635542,0.9995415558748871,1.0068666665169785,0.1953182392637281,0.05477770479475959,0.5985168921576752,1.0006325380846006,1.006072887312378,0.09765911963186405,0.027388852397379794,0.2992584460788376,1.0006325380846006,1.006072887312378
0.9,0.5,0.281,0.1,0.5,3000,1500,0.05,0,0.7170861922313227,0.45543595724428565,1.0141876126574088,1.0015271308467975,1.009289740206538,0.652214116671825,0.3517983078757725,1.079829694493085,0.9992298551261038,1.0054598588665902,0.2924109740702917,0.20768819647230113,0.3858257016297731,0.9999231430102669,1.006728881564625,0.34800115071970217,0.06253030317484738,0.8937031019142615,1.0001500212769496,1.0075594062775217,0.17400057535985108,0.03126515158742369,0.44685155095713075,1.0001500212769496,1.0075594062775217
1.1,0.5,0.281,0.1,0.5,3000,1500,0.05,0,0,0,0,0,0,0,0,0,0,0,0,0,0,0,0,0,0,0,0,0,0,0,0,0,0
1.3,0.5,0.281,0.1,0.5,3000,1500,0.05,0,0,0,0,0,0,0,0,0,0,0,0,0,0,0,0,0,0,0,0,0,0,0,0,0,0
0.7,0.1,0.281,0.2,0.5,3000,1500,0.1,0,0.5822338292780682,0.4491088768164025,0.7677223989836846,1.0017515031041055,1.0103226833494126,0.17063316009159166,0.09310437899803774,0.24587063157460431,1.0018099783357486,1.0083317695822853,0.2971669263136881,0.20855875425322398,0.39570483034016035,1.0005084658369332,1.0074784706186064,0.5953189705686976,0.16960206070294018,0.974068160483387,1.0008118332178821,1.0078284466752627,0.2976594852843488,0.08480103035147009,0.4870340802416935,1.0008118332178821,1.0078284466752627
0.9,0.1,0.281,0.2,0.5,3000,1500,0.1,0,0.7929692014693709,0.658560453425968,0.9619587865638307,1.00211910121824,1.0172349826712985,0.19293818198741344,0.11201357735098423,0.2655678561525139,1.004371321799154,1.0131832797276021,0.28909971317948097,0.20315076077669156,0.38120342253564293,0.9994383906733864,1.0121781495699302,0.6582755307013708,0.22247186336996524,0.9827202398947031,1.0052471967677676,1.0062153598998818,0.3291377653506854,0.11123593168498262,0.49136011994735157,1.0052471967677676,1.0062153598998818
1.1,0.1,0.281,0.2,0.5,3000,1500,0.1,0,0,0,0,0,0,0,0,0,0,0,0,0,0,0,0,0,0,0,0,0,0,0,0,0,0
1.3,0.1,0.281,0.2,0.5,3000,1500,0.1,0,0,0,0,0,0,0,0,0,0,0,0,0,0,0,0,0,0,0,0,0,0,0,0,0,0
0.7,0.3,0.281,0.2,0.5,3000,1500,0.1,0,0.6251945367175166,0.4121471491925685,0.9045964504055256,1.0032092691203724,1.0089727550808982,0.370284505013274,0.20227502920985058,0.5990630905091947,0.9999964877848982,1.005100112560325,0.2952846853564119,0.2067832774967073,0.38987591154944495,1.000147265787367,1.0043328236496092,0.404439007291759,0.07903206238453775,0.9246863278195192,1.0050196916916716,1.0115501828757658,0.2022195036458795,0.039516031192268875,0.4623431639097596,1.0050196916916716,1.0115501828757658
0.9,0.3,0.281,0.2,0.5,3000,1500,0.1,0,0.780257630389448,0.6043942229812396,1.0411608707789854,1.0067815851949382,1.0093864319231451,0.42030828378211643,0.2245253215256919,0.7088528172050973,1.004303044151293,1.0070082281417392,0.29108359584176724,0.2057769618671041,0.3842764269775836,1.0010679785544943,1.003655636320283,0.5417771705660349,0.10658240487744002,0.9784501799236162,1.0054521754241497,1.0108740769034665,0.27088858528301746,0.05329120243872001,0.4892250899618081,1.0054521754241497,1.0108740769034665
1.1,0.3,0.281,0.2,0.5,3000,1500,0.1,0,0,0,0,0,0,0,0,0,0,0,0,0,0,0,0,0,0,0,0,0,0,0,0,0,0
1.3,0.3,0.281,0.2,0.5,3000,1500,0.1,0,0,0,0,0,0,0,0,0,0,0,0,0,0,0,0,0,0,0,0,0,0,0,0,0,0
0.7,0.5,0.281,0.2,0.5,3000,1500,0.1,0,0.6711228005631946,0.39609395639008593,0.9725239711276645,1.0010215139319834,1.0108510073515853,0.5942634167769338,0.29041041022250036,1.025431288796082,1.0007926929014808,1.005172576140413,0.2941989610151823,0.20693974595405723,0.3914247836097045,1.0002345885138297,1.0051011851907328,0.31105899247879465,0.05950951357705851,0.8634155837366817,1.001509373244774,1.0125308566476479,0.15552949623939732,0.029754756788529256,0.43170779186834085,1.001509373244774,1.0125308566476479
0.9,0.5,0.281,0.2,0.5,3000,1500,0.1,0,0.7897516419346028,0.5675347185301998,1.0846935180466153,1.0032668828018871,1.0061159938139765,0.5926870579110287,0.3509921713099827,0.9044776588058718,1.000543219234329,1.0055437771096447,0.2887736193355456,0.20363863138028013,0.38308791095169037,0.9991011856599102,1.006578163121975,0.44205845438341634,0.07162344560526009,0.9605175027472244,1.0033577013831347,1.0070567787077993,0.22102922719170817,0.03581172280263004,0.4802587513736122,1.0033577013831347,1.0070567787077993
1.1,0.5,0.281,0.2,0.5,3000,1500,0.1,0,0,0,0,0,0,0,0,0,0,0,0,0,0,0,0,0,0,0,0,0,0,0,0,0,0
1.3,0.5,0.281,0.2,0.5,3000,1500,0.1,0,0,0,0,0,0,0,0,0,0,0,0,0,0,0,0,0,0,0,0,0,0,0,0,0,0
0.7,0.1,0.281,0.4,0.5,3000,1500,0.2,0,0.6572893831638926,0.5402711886102821,0.8157729141445099,1.0034903454804016,1.0129668801565515,0.1384447630913207,0.08173963499392865,0.18983550755554265,1.0010657254373092,1.0208924559731067,0.29512651939929613,0.20790563776808282,0.3912157395396547,1.000353630716345,1.0056416208127235,0.6791531514632572,0.24492155412133626,0.9859733620828911,1.0006902190234246,1.0193764894156596,0.3395765757316286,0.12246077706066813,0.49298668104144555,1.0006902190234246,1.0193764894156596
0.9,0.1,0.281,0.4,0.5,3000,1500,0.2,0,0.8491586133428162,0.7309160928428845,1.000792606159536,1.000648879112966,1.0100934582753507,0.13919674496941273,0.08206019723257924,0.189697716831195,0.9991600464086673,1.010775376189012,0.2894163082636236,0.20524241002467775,0.38275796840021253,1.0003455572079598,1.004067796657887,0.7211169203438217,0.27772883499643036,0.9894435200807986,1.0003725276458793,1.0111840777941195,0.36055846017191084,0.13886441749821518,0.4947217600403993,1.0003725276458793,1.0111840777941195
1.1,0.1,0.281,0.4,0.5,3000,1500,0.2,0,0,0,0,0,0,0,0,0,0,0,0,0,0,0,0,0,0,0,0,0,0,0,0,0,0
1.3,0.1,0.281,0.4,0.5,3000,1500,0.2,0,0,0,0,0,0,0,0,0,0,0,0,0,0,0,0,0,0,0,0,0,0,0,0,0,0
0.7,0.3,0.281,0.4,0.5,3000,1500,0.2,0,0.6970172685580901,0.5205634085343801,0.9465671090642093,1.0008312047789472,1.006334650428781,0.3550270934896199,0.19701361568784195,0.5281767700695315,0.9995183092345031,1.006774395896202,0.29327547474886856,0.20551478097823983,0.3871915222491432,0.9994777345221872,1.0071805135522456,0.5106616909814573,0.10150124904223184,0.9600202814656048,0.9999400800706536,1.0092806276600121,0.25533084549072865,0.05075062452111592,0.4800101407328024,0.9999400800706536,1.0092806276600121
0.9,0.3,0.281,0.4,0.5,3000,1500,0.2,0,0.8677348470212861,0.7148865980054225,1.0868074794150315,1.006244400116165,1.0167945777669458,0.34239238700819197,0.1873941189208053,0.5144812278574717,1.0014385263868804,1.0062936169664638,0.2878793542916487,0.20135553624926003,0.381322411164532,1.0037432007250175,1.0086733575331208,0.6095048363834616,0.14869554489915718,0.9805543519665886,1.0032046206703213,1.0106845329368614,0.3047524181917308,0.07434777244957859,0.4902771759832943,1.0032046206703213,1.0106845329368614
1.1,0.3,0.281,0.4,0.5,3000,1500,0.2,0,0,0,0,0,0,0,0,0,0,0,0,0,0,0,0,0,0,0,0,0,0,0,0,0,0
1.3,0.3,0.281,0.4,0.5,3000,1500,0.2,0,0,0,0,0,0,0,0,0,0,0,0,0,0,0,0,0,0,0,0,0,0,0,0,0,0
0.7,0.5,0.281,0.4,0.5,3000,1500,0.2,0,0.7103970868510187,0.4895992702654701,1.0130712779420195,1.002236663991677,1.0096618787240583,0.4864815620769645,0.2286218587490844,0.9098811112469103,1.0002080683871077,1.0049160984417602,0.292425909422716,0.2040351023175932,0.3863827044876404,1.0006850824271625,1.0020012414474724,0.4408378676088419,0.07600824626903077,0.9609063578637883,1.0034856844679907,1.0120692989439255,0.22041893380442096,0.038004123134515386,0.48045317893189415,1.0034856844679907,1.0120692989439255
0.9,0.5,0.281,0.4,0.5,3000,1500,0.2,0,0.891711196613704,0.7098200625277356,1.1436826193491605,1.0017546014896788,1.0034885086299234,0.5194867076016774,0.3148405708246039,0.7429922478674323,0.9999729749350597,1.005635728552108,0.2871157778394011,0.20144712577414806,0.3789319202195517,1.003226807522337,1.0091532832546477,0.5344751699402199,0.09266231313553189,0.9744349290515621,1.000333337706219,1.006967330377413,0.26723758497010996,0.046331156567765944,0.4872174645257811,1.000333337706219,1.006967330377413
1.1,0.5,0.281,0.4,0.5,3000,1500,0.2,0,0,0,0,0,0,0,0,0,0,0,0,0,0,0,0,0,0,0,0,0,0,0,0,0,0
1.3,0.5,0.281,0.4,0.5,3000,1500,0.2,0,0,0,0,0,0,0,0,0,0,0,0,0,0,0,0,0,0,0,0,0,0,0,0,0,0
0.7,0.1,0.281,0.6,0.5,3000,1500,0.3,0,0.7074785223766463,0.594430523020091,0.8547060466342834,0.9993450473709242,1.011602893580754,0.11379904677083215,0.06529358589521007,0.15826480773133283,1.0008463626160593,1.0095653320720295,0.2928985111728555,0.20583634409861853,0.38937081747131447,0.9990786083614202,1.0066334382803213,0.7247011575176503,0.3073321665298955,0.9878739085454527,0.9990379613424155,1.007270155465258,0.36235057875882515,0.15366608326494774,0.4939369542727263,0.9990379613424155,1.007270155465258
0.9,0.1,0.281,0.6,0.5,3000,1500,0.3,0,0.9093380160533402,0.7855254687519266,1.064110748557734,1.0010876001489402,1.01280396007316,0.11447315251093373,0.06924300876616377,0.1470406609587824,1.0007217188262514,1.0111606947256264,0.28863223505062785,0.2021400570377555,0.3809874609345193,1.0002879610156212,1.0064308894016392,0.7458587916736213,0.31626726038676867,0.9886523016209814,1.0018333978903227,1.0144304857538244,0.3729293958368107,0.15813363019338433,0.4943261508104907,1.0018333978903227,1.0144304857538244
1.1,0.1,0.281,0.6,0.5,3000,1500,0.3,0,0,0,0,0,0,0,0,0,0,0,0,0,0,0,0,0,0,0,0,0,0,0,0,0,0
1.3,0.1,0.281,0.6,0.5,3000,1500,0.3,0,0,0,0,0,0,0,0,0,0,0,0,0,0,0,0,0,0,0,0,0,0,0,0,0,0
0.7,0.3,0.281,0.6,0.5,3000,1500,0.3,0,0.7302093642631254,0.5792681646407204,0.955112791981758,1.0002699519625748,1.0162973230878425,0.3043562553079104,0.17898740760722712,0.4456023272795613,1.0006898987138788,1.0149473668908575,0.29173873440356357,0.2046758826488752,0.3857157170486536,1.0017929564910522,1.0068262354478346,0.5864878688386503,0.14708471286918987,0.9779170564788048,1.000453151056458,1.0149423156302988,0.29324393441932517,0.07354235643459493,0.4889585282394024,1.000453151056458,1.0149423156302988
0.9,0.3,0.281,0.6,0.5,3000,1500,0.3,0,0.9122380725555467,0.7670422408799243,1.1124761160547578,1.0023007068434415,1.0067811541348033,0.29719405582219705,0.17652996708820767,0.39698760166978203,1.0032129303494062,1.0109274805459707,0.28530190101133707,0.19998064069077834,0.37939524970676863,1.0016172455335328,1.0033889909451725,0.631112415289888,0.16605054965955954,0.9847726891257894,1.0013683466842316,1.0118485859305573,0.315556207644944,0.08302527482977977,0.4923863445628947,1.0013683466842316,1.0118485859305573
1.1,0.3,0.281,0.6,0.5,3000,1500,0.3,0,0,0,0,0,0,0,0,0,0,0,0,0,0,0,0,0,0,0,0,0,0,0,0,0,0
1.3,0.3,0.281,0.6,0.5,3000,1500,0.3,0,0,0,0,0,0,0,0,0,0,0,0,0,0,0,0,0,0,0,0,0,0,0,0,0,0
0.7,0.5,0.281,0.6,0.5,3000,1500,0.3,0,0.7898570835655521,0.585686000311996,1.0755440246524461,1.0053625856139634,1.0109417232055748,0.551912986949889,0.2840624031988119,0.8681035023437311,1.0004628846395067,1.0024330217334143,0.2902847409302783,0.20227411339239837,0.3814372973207684,1.0001891512676557,1.0048766801222777,0.4850309275360549,0.081831039802985,0.9668475911203482,1.005268866054146,1.0115741536666993,0.24251546376802746,0.0409155199014925,0.4834237955601741,1.005268866054146,1.0115741536666993
0.9,0.5,0.281,0.6,0.5,3000,1500,0.3,0,0.9410371480031385,0.7641104833145588,1.169602201097631,1.0022680279651863,1.0076610181846601,0.4827581203576836,0.2799926737158817,0.6925978785361566,0.9991180782223515,1.0047565191251504,0.2848891249033801,0.19825145990045495,0.38010176240966753,1.0001656114447564,1.0033669414953392,0.5388763385304243,0.10019755338970121,0.9700415419107883,1.0039466088842837,1.01346841943568,0.26943816926521214,0.050098776694850605,0.48502077095539414,1.0039466088842837,1.01346841943568
1.1,0.5,0.281,0.6,0.5,3000,1500,0.3,0,0,0,0,0,0,0,0,0,0,0,0,0,0,0,0,0,0,0,0,0,0,0,0,0,0
1.3,0.5,0.281,0.6,0.5,3000,1500,0.3,0,0,0,0,0,0,0,0,0,0,0,0,0,0,0,0,0,0,0,0,0,0,0,0,0,0
0.7,0.1,0.281,0.8,0.5,3000,1500,0.4,0,0.7281397265521564,0.6213519125782494,0.8624138333437109,1.0004219798344027,1.0087552784081184,0.10161415332643839,0.06338912759635786,0.13212781392281114,1.000722385904936,1.0068098936865342,0.29202462993625505,0.2039146176811308,0.3898994187736588,1.0035273338508737,1.0069920340248872,0.7614995238550994,0.34139610567282447,0.9932305680103504,1.0009442733041993,1.0073699082081706,0.3807497619275497,0.17069805283641223,0.4966152840051752,1.0009442733041993,1.0073699082081706
0.9,0.1,0.281,0.8,0.5,3000,1500,0.4,0,0.9015280710487891,0.7675911174086971,1.055719167146328,1.005767778408524,1.0104235510437871,0.09269797622259955,0.057631490695863444,0.12077749190472999,1.0022283143356348,1.0087277745856968,0.28770566480079246,0.20062428606735702,0.3782589590353544,1.003926431853747,1.0093209499390572,0.7701262435068033,0.37355261232611164,0.9898577373468743,1.0028653652142807,1.0095063432738662,0.3850631217534016,0.18677630616305582,0.49492886867343716,1.0028653652142807,1.0095063432738662
1.1,0.1,0.281,0.8,0.5,3000,1500,0.4,0,0,0,0,0,0,0,0,0,0,0,0,0,0,0,0,0,0,0,0,0,0,0,0,0,0
1.3,0.1,0.281,0.8,0.5,3000,1500,0.4,0,0,0,0,0,0,0,0,0,0,0,0,0,0,0,0,0,0,0,0,0,0,0,0,0,0
0.7,0.3,0.281,0.8,0.5,3000,1500,0.4,0,0.7759853762020054,0.6266175493686795,0.9729173463320702,1.0026435156154574,1.0100365579768702,0.28035855669095283,0.1600065237102319,0.41054827130749644,1.0023243828651978,1.0068157075813495,0.29015615013766205,0.20409384740912281,0.38290706498138694,1.0014977541964214,1.00617676180391,0.6305104152576534,0.18159193902476464,0.9841706059131144,1.0032859729663977,1.0125261928651663,0.3152552076288267,0.09079596951238232,0.4920853029565572,1.0032859729663977,1.0125261928651663
0.9,0.3,0.281,0.8,0.5,3000,1500,0.4,0,0.9473679785200193,0.7883439185515682,1.1467887096976797,1.0054962390801974,1.010595204318015,0.2833319860197382,0.16104818096930223,0.4202289289872596,1.0046742745948192,1.009467863843138,0.28621909740561813,0.2007956495328683,0.37868290711020136,1.0011851013859183,1.0099677251715629,0.6544934515481817,0.18831479035216883,0.9863020034467874,1.0030298823314823,1.0132210021815948,0.32724672577409086,0.09415739517608442,0.4931510017233937,1.0030298823314823,1.0132210021815948
1.1,0.3,0.281,0.8,0.5,3000,1500,0.4,0,0,0,0,0,0,0,0,0,0,0,0,0,0,0,0,0,0,0,0,0,0,0,0,0,0
1.3,0.3,0.281,0.8,0.5,3000,1500,0.4,0,0,0,0,0,0,0,0,0,0,0,0,0,0,0,0,0,0,0,0,0,0,0,0,0,0
0.7,0.5,0.281,0.8,0.5,3000,1500,0.4,0,0.8185349065418476,0.6316758680412641,1.0891154228842783,1.002145334273349,1.0130713647083172,0.4955844985697609,0.2850464149788603,0.7664521445218003,1.000153134511117,1.0068066052444045,0.28885656736395465,0.2028887418422335,0.38089941770127855,1.001004616198086,1.008682721596008,0.5167315822529912,0.08724270040173106,0.9704650851735693,1.0009468126219052,1.0125909560664548,0.2583657911264956,0.04362135020086553,0.48523254258678467,1.0009468126219052,1.0125909560664548
0.9,0.5,0.281,0.8,0.5,3000,1500,0.4,0,0.989902037222695,0.8266483119289956,1.208909827844714,0.9995085482561421,1.020580456977503,0.5193192197428217,0.31814316807546483,0.7415329446824661,1.0011031260230003,1.021877386667237,0.28367194237226695,0.19882017592105622,0.37590242253876693,0.9997112390596445,1.0078096217123673,0.5556131816696716,0.10152696816570032,0.9770421542322305,1.000950942168132,1.02609235624206,0.2778065908348358,0.05076348408285016,0.48852107711611525,1.000950942168132,1.02609235624206
1.1,0.5,0.281,0.8,0.5,3000,1500,0.4,0,0,0,0,0,0,0,0,0,0,0,0,0,0,0,0,0,0,0,0,0,0,0,0,0,0
1.3,0.5,0.281,0.8,0.5,3000,1500,0.4,0,0,0,0,0,0,0,0,0,0,0,0,0,0,0,0,0,0,0,0,0,0,0,0,0,0
